Country Name,Country Code,Indicator Name,Indicator Code,1960,1961,1962,1963,1964,1965,1966,1967,1968,1969,1970,1971,1972,1973,1974,1975,1976,1977,1978,1979,1980,1981,1982,1983,1984,1985,1986,1987,1988,1989,1990,1991,1992,1993,1994,1995,1996,1997,1998,1999,2000,2001,2002,2003,2004,2005,2006,2007,2008,2009,2010,2011,2012,2013,2014,2015,2016,2017,2018,2019,2020,2021
Aruba,ABW,Agricultural nitrous oxide emissions (thousand metric tons of CO2 equivalent),EN.ATM.NOXE.AG.KT.CE,,,,,,,,,,,,,,,,,,,,,,,,,,,,,,,,,,,,,,,,,,,,,,,,,,,,,,,,,,,,,,
Africa Eastern and Southern,AFE,Agricultural nitrous oxide emissions (thousand metric tons of CO2 equivalent),EN.ATM.NOXE.AG.KT.CE,,,,,,,,,,,,,,,,,,,,,,,,,,,,,,,176910,176240,178340,177520,179860,181760,181430,181620,192480,190050,188150,187070,200540,204790,206540,214590,207360,222120,228720,226690,236740,240760,242120,239650,239530,241780,245470,246650,246600,245350,,
Afghanistan,AFG,Agricultural nitrous oxide emissions (thousand metric tons of CO2 equivalent),EN.ATM.NOXE.AG.KT.CE,,,,,,,,,,,,,,,,,,,,,,,,,,,,,,,2710,2790,2740,2770,2600,2710,2940,3240,3530,3800,3270,2860,3330,3460,3430,3580,3400,3320,3600,3860,4270,4370,4400,4440,4740,4260,4680,4900,4310,4630,,
Africa Western and Central,AFW,Agricultural nitrous oxide emissions (thousand metric tons of CO2 equivalent),EN.ATM.NOXE.AG.KT.CE,,,,,,,,,,,,,,,,,,,,,,,,,,,,,,,69070,72220,73110,74620,75830,76690,79640,81410,86790,86780,92880,87310,88930,96180,95280,103380,103320,103290,105030,102270,108430,112300,113540,117820,118450,122040,131880,132310,134480,135870,,
Angola,AGO,Agricultural nitrous oxide emissions (thousand metric tons of CO2 equivalent),EN.ATM.NOXE.AG.KT.CE,,,,,,,,,,,,,,,,,,,,,,,,,,,,,,,15100,15130,15180,15120,15070,15050,13510,13270,14680,13550,13960,14290,15470,17760,17860,17560,16170,17310,16360,16420,17280,17850,16900,17440,16880,17580,17650,18060,16140,18170,,
Albania,ALB,Agricultural nitrous oxide emissions (thousand metric tons of CO2 equivalent),EN.ATM.NOXE.AG.KT.CE,,,,,,,,,,,,,,,,,,,,,,,,,,,,,,,1350,1010,960,1030,1260,1260,1110,1040,1080,1030,1080,1040,1190,1200,1160,1160,1100,1100,1030,1020,1020,1050,1050,1020,1040,1080,1110,1080,960,980,,
Andorra,AND,Agricultural nitrous oxide emissions (thousand metric tons of CO2 equivalent),EN.ATM.NOXE.AG.KT.CE,,,,,,,,,,,,,,,,,,,,,,,,,,,,,,,,,,,,,,,,,,,,,,,,,,,,,,,,,,,,,,
Arab World,ARB,Agricultural nitrous oxide emissions (thousand metric tons of CO2 equivalent),EN.ATM.NOXE.AG.KT.CE,,,,,,,,,,,,,,,,,,,,,,,,,,,,,,,60270,59240,60170,63360,63950,65440,68350,69220,72550,73460,75830,75300,78260,77240,80640,82360,81100,81830,80350,81610,79670,81910,82870,84270,83720,84150,85090,85490,85400,86870,,
United Arab Emirates,ARE,Agricultural nitrous oxide emissions (thousand metric tons of CO2 equivalent),EN.ATM.NOXE.AG.KT.CE,,,,,,,,,,,,,,,,,,,,,,,,,,,,,,,230,270,310,330,370,400,420,430,450,470,480,490,560,590,590,620,620,640,680,700,690,690,650,690,710,750,760,770,780,790,,
Argentina,ARG,Agricultural nitrous oxide emissions (thousand metric tons of CO2 equivalent),EN.ATM.NOXE.AG.KT.CE,,,,,,,,,,,,,,,,,,,,,,,,,,,,,,,34040,33850,34520,33980,34930,34930,35130,35420,35030,35260,37360,37180,37710,41550,41660,41200,42510,44840,43440,37920,38970,40000,39450,40820,41180,40750,43680,46180,45340,45650,,
Armenia,ARM,Agricultural nitrous oxide emissions (thousand metric tons of CO2 equivalent),EN.ATM.NOXE.AG.KT.CE,,,,,,,,,,,,,,,,,,,,,,,,,,,,,,,770,720,650,550,490,480,490,480,470,450,460,470,550,540,590,560,870,710,680,740,680,710,870,930,880,990,1520,1120,1070,1170,,
American Samoa,ASM,Agricultural nitrous oxide emissions (thousand metric tons of CO2 equivalent),EN.ATM.NOXE.AG.KT.CE,,,,,,,,,,,,,,,,,,,,,,,,,,,,,,,,,,,,,,,,,,,,,,,,,,,,,,,,,,,,,,
Antigua and Barbuda,ATG,Agricultural nitrous oxide emissions (thousand metric tons of CO2 equivalent),EN.ATM.NOXE.AG.KT.CE,,,,,,,,,,,,,,,,,,,,,,,,,,,,,,,10,10,10,10,10,10,10,10,10,10,10,10,10,10,10,10,10,10,10,10,10,10,10,10,10,10,10,10,10,10,,
Australia,AUS,Agricultural nitrous oxide emissions (thousand metric tons of CO2 equivalent),EN.ATM.NOXE.AG.KT.CE,,,,,,,,,,,,,,,,,,,,,,,,,,,,,,,74660,73860,72700,72070,71860,71600,65590,64440,68670,85620,93510,103500,96150,55580,79260,56230,75740,70690,54770,58630,47490,101120,100540,57930,70380,66550,52100,74160,71490,55590,,
Austria,AUT,Agricultural nitrous oxide emissions (thousand metric tons of CO2 equivalent),EN.ATM.NOXE.AG.KT.CE,,,,,,,,,,,,,,,,,,,,,,,,,,,,,,,3240,3200,3090,2980,2980,2910,2960,2920,2880,2840,2760,2760,2640,2550,2560,2560,2510,2410,2480,2410,2460,2510,2550,2550,2650,2640,2660,2600,2550,2570,,
Azerbaijan,AZE,Agricultural nitrous oxide emissions (thousand metric tons of CO2 equivalent),EN.ATM.NOXE.AG.KT.CE,,,,,,,,,,,,,,,,,,,,,,,,,,,,,,,2580,2420,2070,1840,1720,1700,1630,1730,1760,1830,1840,2030,2140,2210,2330,2370,2490,2500,2680,2720,2680,2760,2840,2870,2950,3340,3300,3190,3480,3340,,
Burundi,BDI,Agricultural nitrous oxide emissions (thousand metric tons of CO2 equivalent),EN.ATM.NOXE.AG.KT.CE,,,,,,,,,,,,,,,,,,,,,,,,,,,,,,,910,920,930,910,860,900,890,900,880,900,900,910,900,900,930,940,980,990,1040,1090,1160,1230,1260,1400,1400,1370,1510,1710,1760,1620,,
Belgium,BEL,Agricultural nitrous oxide emissions (thousand metric tons of CO2 equivalent),EN.ATM.NOXE.AG.KT.CE,,,,,,,,,,,,,,,,,,,,,,,,,,,,,,,3770,3780,3700,3690,3690,3730,3790,3720,3720,3800,2710,2660,3520,3420,3380,3330,3260,3320,3230,3360,3450,3410,3370,3360,3430,3470,3340,3290,3310,3320,,
Benin,BEN,Agricultural nitrous oxide emissions (thousand metric tons of CO2 equivalent),EN.ATM.NOXE.AG.KT.CE,,,,,,,,,,,,,,,,,,,,,,,,,,,,,,,1500,1560,1580,1600,1700,1630,1920,2020,2130,2090,2250,1810,2120,1880,1790,2180,1960,2030,1810,1910,1950,1990,2040,2140,2130,2080,2270,2170,2520,2400,,
Burkina Faso,BFA,Agricultural nitrous oxide emissions (thousand metric tons of CO2 equivalent),EN.ATM.NOXE.AG.KT.CE,,,,,,,,,,,,,,,,,,,,,,,,,,,,,,,4560,4770,4860,4940,5040,5160,5100,5350,5420,5580,6040,5500,5850,7160,7340,7620,7420,7550,7700,7870,8230,8210,8260,8540,8600,8680,9160,9180,9280,9470,,
Bangladesh,BGD,Agricultural nitrous oxide emissions (thousand metric tons of CO2 equivalent),EN.ATM.NOXE.AG.KT.CE,,,,,,,,,,,,,,,,,,,,,,,,,,,,,,,15190,15970,16260,16630,17270,18510,19000,18470,18460,19660,19780,20180,20710,20190,20270,21000,21990,22050,24090,23560,24060,25040,24400,24550,25430,26050,25090,26210,26900,26450,,
Bulgaria,BGR,Agricultural nitrous oxide emissions (thousand metric tons of CO2 equivalent),EN.ATM.NOXE.AG.KT.CE,,,,,,,,,,,,,,,,,,,,,,,,,,,,,,,5990,5430,3790,3180,3190,2510,2570,2650,2450,2340,2480,2680,3240,3310,3060,2620,2280,2540,2760,3060,2980,3620,2820,3190,3250,3390,3440,3500,3500,3530,,
Bahrain,BHR,Agricultural nitrous oxide emissions (thousand metric tons of CO2 equivalent),EN.ATM.NOXE.AG.KT.CE,,,,,,,,,,,,,,,,,,,,,,,,,,,,,,,20,20,20,20,20,10,20,20,20,20,10,10,20,30,30,30,30,20,30,20,30,40,40,40,40,40,40,50,70,60,,
"Bahamas, The",BHS,Agricultural nitrous oxide emissions (thousand metric tons of CO2 equivalent),EN.ATM.NOXE.AG.KT.CE,,,,,,,,,,,,,,,,,,,,,,,,,,,,,,,20,20,20,20,20,20,20,20,30,20,20,20,20,10,30,20,20,20,30,20,20,30,20,30,20,20,20,30,20,20,,
Bosnia and Herzegovina,BIH,Agricultural nitrous oxide emissions (thousand metric tons of CO2 equivalent),EN.ATM.NOXE.AG.KT.CE,,,,,,,,,,,,,,,,,,,,,,,,,,,,,,,780,710,680,640,600,540,460,570,720,770,780,710,700,670,860,810,810,820,760,1080,1060,1190,1280,1200,1300,1340,1200,1200,1080,1150,,
Belarus,BLR,Agricultural nitrous oxide emissions (thousand metric tons of CO2 equivalent),EN.ATM.NOXE.AG.KT.CE,,,,,,,,,,,,,,,,,,,,,,,,,,,,,,,16310,15300,11960,11640,11110,11000,11000,11020,10920,10870,10710,10700,10370,10630,10840,11180,11640,11490,12000,12200,12030,12560,12410,12180,11770,11670,10930,11330,11190,11090,,
Belize,BLZ,Agricultural nitrous oxide emissions (thousand metric tons of CO2 equivalent),EN.ATM.NOXE.AG.KT.CE,,,,,,,,,,,,,,,,,,,,,,,,,,,,,,,100,100,100,100,100,90,80,80,90,100,90,90,160,220,100,110,100,110,110,140,120,160,150,220,220,220,220,210,190,220,,
Bermuda,BMU,Agricultural nitrous oxide emissions (thousand metric tons of CO2 equivalent),EN.ATM.NOXE.AG.KT.CE,,,,,,,,,,,,,,,,,,,,,,,,,,,,,,,,,,,,,,,,,,,,,,,,,,,,,,,,,,,,,,
Bolivia,BOL,Agricultural nitrous oxide emissions (thousand metric tons of CO2 equivalent),EN.ATM.NOXE.AG.KT.CE,,,,,,,,,,,,,,,,,,,,,,,,,,,,,,,4830,4950,5050,5170,5320,5450,5250,5450,5790,6120,5810,5780,6650,6340,7190,7740,7390,7360,7360,7340,9190,8110,8120,8090,7650,8170,8660,8450,8360,9270,,
Brazil,BRA,Agricultural nitrous oxide emissions (thousand metric tons of CO2 equivalent),EN.ATM.NOXE.AG.KT.CE,,,,,,,,,,,,,,,,,,,,,,,,,,,,,,,97910,100840,102700,104310,107450,108850,102650,106080,111120,111380,111120,117980,126750,132430,140380,140040,137220,148830,142230,138840,155440,154660,155230,155300,161680,159060,163240,171100,166030,169340,,
Barbados,BRB,Agricultural nitrous oxide emissions (thousand metric tons of CO2 equivalent),EN.ATM.NOXE.AG.KT.CE,,,,,,,,,,,,,,,,,,,,,,,,,,,,,,,40,40,40,40,40,50,50,50,40,40,40,40,30,30,40,30,30,30,40,30,30,30,30,40,30,30,30,30,30,30,,
Brunei Darussalam,BRN,Agricultural nitrous oxide emissions (thousand metric tons of CO2 equivalent),EN.ATM.NOXE.AG.KT.CE,,,,,,,,,,,,,,,,,,,,,,,,,,,,,,,70,70,70,60,60,60,60,70,70,80,90,90,90,90,100,90,90,100,100,100,100,100,110,110,110,110,110,100,110,100,,
Bhutan,BTN,Agricultural nitrous oxide emissions (thousand metric tons of CO2 equivalent),EN.ATM.NOXE.AG.KT.CE,,,,,,,,,,,,,,,,,,,,,,,,,,,,,,,110,110,100,100,110,120,110,110,110,120,110,100,100,100,100,120,110,110,100,110,110,110,110,110,100,100,100,100,110,100,,
Botswana,BWA,Agricultural nitrous oxide emissions (thousand metric tons of CO2 equivalent),EN.ATM.NOXE.AG.KT.CE,,,,,,,,,,,,,,,,,,,,,,,,,,,,,,,4530,4340,4210,4090,4240,4540,5350,5050,4530,4410,4220,5310,5500,1840,2120,2660,3700,2660,7150,2520,8350,10590,4290,3780,2390,2080,1720,3410,2260,1410,,
Central African Republic,CAF,Agricultural nitrous oxide emissions (thousand metric tons of CO2 equivalent),EN.ATM.NOXE.AG.KT.CE,,,,,,,,,,,,,,,,,,,,,,,,,,,,,,,8020,8140,8150,8170,8210,8250,9280,9350,10360,9120,10640,8620,7430,10080,8700,9210,9250,9370,10030,7640,8740,9320,7800,8430,8180,8310,9230,8420,8670,7500,,
Canada,CAN,Agricultural nitrous oxide emissions (thousand metric tons of CO2 equivalent),EN.ATM.NOXE.AG.KT.CE,,,,,,,,,,,,,,,,,,,,,,,,,,,,,,,23880,24360,24810,25430,25510,26940,28430,27660,28700,28410,27310,26760,27490,28120,28250,29710,27010,30750,30060,29140,29930,32360,34540,34090,33500,33400,32610,33030,34750,33480,,
Central Europe and the Baltics,CEB,Agricultural nitrous oxide emissions (thousand metric tons of CO2 equivalent),EN.ATM.NOXE.AG.KT.CE,,,,,,,,,,,,,,,,,,,,,,,,,,,,,,,62930,54970,49330,46840,45420,43620,44320,45180,43000,41790,41780,42730,42030,41780,43210,42720,42710,43770,44690,42780,43290,44290,43630,44470,44400,45540,46580,46540,46440,46790,,
Switzerland,CHE,Agricultural nitrous oxide emissions (thousand metric tons of CO2 equivalent),EN.ATM.NOXE.AG.KT.CE,,,,,,,,,,,,,,,,,,,,,,,,,,,,,,,2090,2060,2030,2010,2010,1990,1970,1910,1890,1810,1780,1830,1720,1700,1720,1770,1780,1750,1790,1770,1760,1730,1670,1720,1730,1710,1710,1700,1660,1670,,
Channel Islands,CHI,Agricultural nitrous oxide emissions (thousand metric tons of CO2 equivalent),EN.ATM.NOXE.AG.KT.CE,,,,,,,,,,,,,,,,,,,,,,,,,,,,,,,,,,,,,,,,,,,,,,,,,,,,,,,,,,,,,,
Chile,CHL,Agricultural nitrous oxide emissions (thousand metric tons of CO2 equivalent),EN.ATM.NOXE.AG.KT.CE,,,,,,,,,,,,,,,,,,,,,,,,,,,,,,,3900,3880,4040,4240,4480,4670,4820,4920,4890,5050,5070,5110,5230,5070,5650,5380,5550,5800,6310,6010,6050,5640,5670,5320,5270,5500,5100,5090,5120,5280,,
China,CHN,Agricultural nitrous oxide emissions (thousand metric tons of CO2 equivalent),EN.ATM.NOXE.AG.KT.CE,,,,,,,,,,,,,,,,,,,,,,,,,,,,,,,253600,259600,264040,253910,266340,305600,327870,296690,302180,315160,304170,303490,318170,316520,326150,330850,334580,335130,342750,346210,349350,348630,352640,353260,353890,357750,357170,348620,340010,342820,,
Cote d'Ivoire,CIV,Agricultural nitrous oxide emissions (thousand metric tons of CO2 equivalent),EN.ATM.NOXE.AG.KT.CE,,,,,,,,,,,,,,,,,,,,,,,,,,,,,,,2450,2500,2540,2620,2680,2740,2590,2750,2780,2700,2800,3020,3350,3220,2610,3300,3090,3210,2950,2850,2850,2970,3020,3240,2840,2940,3530,2940,2900,2770,,
Cameroon,CMR,Agricultural nitrous oxide emissions (thousand metric tons of CO2 equivalent),EN.ATM.NOXE.AG.KT.CE,,,,,,,,,,,,,,,,,,,,,,,,,,,,,,,4760,4700,4720,4710,4750,4750,4890,5070,5620,5580,6280,5860,5780,6440,5680,6430,5870,5740,5540,5360,5620,5530,5440,5590,5470,5540,5610,5560,5560,5470,,
"Congo, Dem. Rep.",COD,Agricultural nitrous oxide emissions (thousand metric tons of CO2 equivalent),EN.ATM.NOXE.AG.KT.CE,,,,,,,,,,,,,,,,,,,,,,,,,,,,,,,12760,12680,12710,12690,12680,12610,9890,9650,10150,9220,9030,9890,12480,13660,14600,14350,14550,12760,13530,13380,13880,13040,12840,13480,13090,13590,13480,14070,13220,13370,,
"Congo, Rep.",COG,Agricultural nitrous oxide emissions (thousand metric tons of CO2 equivalent),EN.ATM.NOXE.AG.KT.CE,,,,,,,,,,,,,,,,,,,,,,,,,,,,,,,1440,1450,1450,1450,1450,1450,820,840,870,870,760,810,1060,1500,1570,1790,1820,1660,1670,1590,1820,1860,1800,1880,1660,1850,1880,1860,1910,1880,,
Colombia,COL,Agricultural nitrous oxide emissions (thousand metric tons of CO2 equivalent),EN.ATM.NOXE.AG.KT.CE,,,,,,,,,,,,,,,,,,,,,,,,,,,,,,,16290,16240,16180,16460,16700,16650,16360,16340,16640,15960,16410,16880,17140,17800,18000,18430,18800,20210,19290,19400,19810,19050,18590,17120,17780,17260,17350,18390,19420,19610,,
Comoros,COM,Agricultural nitrous oxide emissions (thousand metric tons of CO2 equivalent),EN.ATM.NOXE.AG.KT.CE,,,,,,,,,,,,,,,,,,,,,,,,,,,,,,,40,40,40,40,40,40,40,40,50,50,40,40,50,40,40,40,40,40,50,40,50,50,50,50,50,50,50,50,50,50,,
Cabo Verde,CPV,Agricultural nitrous oxide emissions (thousand metric tons of CO2 equivalent),EN.ATM.NOXE.AG.KT.CE,,,,,,,,,,,,,,,,,,,,,,,,,,,,,,,50,60,80,80,60,80,50,60,70,80,70,70,80,70,80,80,80,80,80,90,90,60,60,60,60,60,60,50,50,50,,
Costa Rica,CRI,Agricultural nitrous oxide emissions (thousand metric tons of CO2 equivalent),EN.ATM.NOXE.AG.KT.CE,,,,,,,,,,,,,,,,,,,,,,,,,,,,,,,1550,1590,1590,1560,1520,1420,1500,1550,1590,1390,1290,1170,1150,1270,1150,1210,1230,1310,1400,1180,1300,1510,1450,1480,1400,1450,1590,1540,1590,1600,,
Caribbean small states,CSS,Agricultural nitrous oxide emissions (thousand metric tons of CO2 equivalent),EN.ATM.NOXE.AG.KT.CE,,,,,,,,,,,,,,,,,,,,,,,,,,,,,,,1470,1540,1540,1540,1530,1650,1690,1710,1680,1710,1700,1690,1770,1880,1920,1750,1700,1670,1820,1770,1780,1800,1840,1940,1930,1960,1890,1860,1910,1950,,
Cuba,CUB,Agricultural nitrous oxide emissions (thousand metric tons of CO2 equivalent),EN.ATM.NOXE.AG.KT.CE,,,,,,,,,,,,,,,,,,,,,,,,,,,,,,,4890,4650,4450,3910,3670,3620,3570,3680,3560,3340,3300,3450,3180,2960,3050,2850,3020,3090,3150,3050,3090,3300,3230,3340,3520,3410,3300,3270,3180,3210,,
Curacao,CUW,Agricultural nitrous oxide emissions (thousand metric tons of CO2 equivalent),EN.ATM.NOXE.AG.KT.CE,,,,,,,,,,,,,,,,,,,,,,,,,,,,,,,,,,,,,,,,,,,,,,,,,,,,,,,,,,,,,,
Cayman Islands,CYM,Agricultural nitrous oxide emissions (thousand metric tons of CO2 equivalent),EN.ATM.NOXE.AG.KT.CE,,,,,,,,,,,,,,,,,,,,,,,,,,,,,,,,,,,,,,,,,,,,,,,,,,,,,,,,,,,,,,
Cyprus,CYP,Agricultural nitrous oxide emissions (thousand metric tons of CO2 equivalent),EN.ATM.NOXE.AG.KT.CE,,,,,,,,,,,,,,,,,,,,,,,,,,,,,,,240,230,280,280,270,270,280,260,270,270,250,270,290,290,270,240,250,240,230,240,260,250,250,220,210,230,220,230,230,230,,
Czech Republic,CZE,Agricultural nitrous oxide emissions (thousand metric tons of CO2 equivalent),EN.ATM.NOXE.AG.KT.CE,,,,,,,,,,,,,,,,,,,,,,,,,,,,,,,5820,4370,4020,3660,3650,3520,3700,3420,3280,3210,3440,3780,2930,2990,3060,3000,2960,3100,3050,2980,2980,3090,3540,3560,3630,4040,4110,3790,3660,3830,,
Germany,DEU,Agricultural nitrous oxide emissions (thousand metric tons of CO2 equivalent),EN.ATM.NOXE.AG.KT.CE,,,,,,,,,,,,,,,,,,,,,,,,,,,,,,,34320,32790,30600,29760,30720,30750,30690,31000,31180,31920,30680,30480,29920,29660,29690,29440,27930,29100,28240,28300,29160,28070,28320,28850,29950,29060,28460,27390,25680,26830,,
Djibouti,DJI,Agricultural nitrous oxide emissions (thousand metric tons of CO2 equivalent),EN.ATM.NOXE.AG.KT.CE,,,,,,,,,,,,,,,,,,,,,,,,,,,,,,,190,190,190,200,200,220,230,230,240,240,240,250,250,250,250,250,240,250,250,250,250,250,250,250,250,250,250,250,250,250,,
Dominica,DMA,Agricultural nitrous oxide emissions (thousand metric tons of CO2 equivalent),EN.ATM.NOXE.AG.KT.CE,,,,,,,,,,,,,,,,,,,,,,,,,,,,,,,20,20,20,20,20,20,20,20,20,20,20,20,10,10,10,10,10,10,10,10,10,10,10,10,10,10,10,10,10,10,,
Denmark,DNK,Agricultural nitrous oxide emissions (thousand metric tons of CO2 equivalent),EN.ATM.NOXE.AG.KT.CE,,,,,,,,,,,,,,,,,,,,,,,,,,,,,,,5670,5520,5180,5250,5120,5060,5030,5010,4900,4680,4650,4580,4440,4450,4260,4250,4240,4270,4400,4240,4200,4200,4260,4150,4340,4490,4460,4450,4090,4390,,
Dominican Republic,DOM,Agricultural nitrous oxide emissions (thousand metric tons of CO2 equivalent),EN.ATM.NOXE.AG.KT.CE,,,,,,,,,,,,,,,,,,,,,,,,,,,,,,,1740,1870,1830,1830,1870,1890,1980,2030,2000,1790,1720,1860,2140,2030,2230,2240,2390,2570,2530,2590,2710,2670,2570,2600,2640,2760,2830,2900,3020,2940,,
Algeria,DZA,Agricultural nitrous oxide emissions (thousand metric tons of CO2 equivalent),EN.ATM.NOXE.AG.KT.CE,,,,,,,,,,,,,,,,,,,,,,,,,,,,,,,3510,3440,3570,3640,3420,3320,3410,3260,3800,3710,3610,3770,3560,3790,4440,3810,4170,4180,3870,4450,4700,4790,5200,5250,5470,5520,5460,5410,5530,5560,,
East Asia & Pacific (excluding high income),EAP,Agricultural nitrous oxide emissions (thousand metric tons of CO2 equivalent),EN.ATM.NOXE.AG.KT.CE,,,,,,,,,,,,,,,,,,,,,,,,,,,,,,,370980,378110,386110,377240,393810,435190,461790,429020,437210,451080,441630,439040,457570,461350,475370,479630,485940,493420,500130,513650,516730,517900,526100,527570,531270,536610,538900,541080,533600,537630,,
Early-demographic dividend,EAR,Agricultural nitrous oxide emissions (thousand metric tons of CO2 equivalent),EN.ATM.NOXE.AG.KT.CE,,,,,,,,,,,,,,,,,,,,,,,,,,,,,,,490410,492030,502690,503410,511180,522480,535290,543630,555240,558540,558670,564450,565870,578540,593640,612910,631920,648260,656510,665820,683290,699690,697660,703500,704180,711000,725350,748550,754390,757860,,
East Asia & Pacific,EAS,Agricultural nitrous oxide emissions (thousand metric tons of CO2 equivalent),EN.ATM.NOXE.AG.KT.CE,,,,,,,,,,,,,,,,,,,,,,,,,,,,,,,475600,481260,488240,478720,495650,536800,556740,522880,534190,565110,563230,570430,582510,546040,583440,564920,589900,592530,582230,599020,590970,645380,652960,612070,628380,629960,617860,642230,632240,620280,,
Europe & Central Asia (excluding high income),ECA,Agricultural nitrous oxide emissions (thousand metric tons of CO2 equivalent),EN.ATM.NOXE.AG.KT.CE,,,,,,,,,,,,,,,,,,,,,,,,,,,,,,,213760,200300,179660,167680,150680,140630,131870,129170,122260,117900,117230,119230,124350,121860,119530,119730,121750,121500,128060,128520,126920,131630,132000,136640,139680,140090,146150,149830,147410,151250,,
Europe & Central Asia,ECS,Agricultural nitrous oxide emissions (thousand metric tons of CO2 equivalent),EN.ATM.NOXE.AG.KT.CE,,,,,,,,,,,,,,,,,,,,,,,,,,,,,,,453960,429380,396440,381940,365690,353720,350320,346400,338410,333060,326890,326360,330840,326450,325470,320730,320210,323250,326670,320420,322370,324610,325770,333390,339920,341800,346060,350280,342240,348100,,
Ecuador,ECU,Agricultural nitrous oxide emissions (thousand metric tons of CO2 equivalent),EN.ATM.NOXE.AG.KT.CE,,,,,,,,,,,,,,,,,,,,,,,,,,,,,,,3360,3480,3630,3760,3870,3940,4170,4520,4330,4000,3730,4940,4410,4310,4490,4250,4320,4030,4400,4620,4850,4890,4730,4680,4580,4070,4160,4210,4320,4330,,
"Egypt, Arab Rep.",EGY,Agricultural nitrous oxide emissions (thousand metric tons of CO2 equivalent),EN.ATM.NOXE.AG.KT.CE,,,,,,,,,,,,,,,,,,,,,,,,,,,,,,,9450,10130,10100,10890,10030,11730,12120,11760,12290,12400,13170,13450,14140,14540,15680,15500,15180,14670,14910,14800,14400,14990,14560,14630,14740,15320,15670,15460,15070,15650,,
Euro area,EMU,Agricultural nitrous oxide emissions (thousand metric tons of CO2 equivalent),EN.ATM.NOXE.AG.KT.CE,,,,,,,,,,,,,,,,,,,,,,,,,,,,,,,151310,147870,139900,137890,138840,137760,141640,140430,142140,142540,138520,136120,137110,136010,135990,131610,129370,132280,128000,124900,127480,124690,125920,128400,131020,131400,128790,128930,124180,125310,,
Eritrea,ERI,Agricultural nitrous oxide emissions (thousand metric tons of CO2 equivalent),EN.ATM.NOXE.AG.KT.CE,,,,,,,,,,,,,,,,,,,,,,,,,,,,,,,1190,1190,1220,990,1020,1030,1200,1380,1470,1510,1570,1420,1390,1420,1440,1480,1420,1530,1520,1520,1470,1550,1550,1570,1570,1580,1600,1600,1620,1620,,
Spain,ESP,Agricultural nitrous oxide emissions (thousand metric tons of CO2 equivalent),EN.ATM.NOXE.AG.KT.CE,,,,,,,,,,,,,,,,,,,,,,,,,,,,,,,16060,15710,14260,15090,15220,14710,16670,16280,17610,17320,17450,17130,16950,18050,17480,15810,16310,16880,14790,14690,15590,14850,14420,15530,16310,16450,16200,16480,16150,15880,,
Estonia,EST,Agricultural nitrous oxide emissions (thousand metric tons of CO2 equivalent),EN.ATM.NOXE.AG.KT.CE,,,,,,,,,,,,,,,,,,,,,,,,,,,,,,,1710,1600,1410,1280,1140,1080,1030,1020,1060,1050,1070,1030,1020,1060,1080,1060,1070,1100,1160,1110,1120,1140,1170,1180,1220,1240,1180,1210,1200,1230,,
Ethiopia,ETH,Agricultural nitrous oxide emissions (thousand metric tons of CO2 equivalent),EN.ATM.NOXE.AG.KT.CE,,,,,,,,,,,,,,,,,,,,,,,,,,,,,,,22140,22100,22590,20020,20260,20410,21620,22080,24240,24020,22640,23430,26940,25670,26540,27890,29270,32780,33690,35260,36910,36280,38300,38970,40500,41550,43160,44120,44290,44480,,
European Union,EUU,Agricultural nitrous oxide emissions (thousand metric tons of CO2 equivalent),EN.ATM.NOXE.AG.KT.CE,,,,,,,,,,,,,,,,,,,,,,,,,,,,,,,212230,201630,188650,185640,185690,183200,187700,187300,186570,185830,181750,180160,180210,178890,179970,175070,172730,176650,173560,168090,171260,169350,169650,172860,175540,177160,175560,175870,170630,172460,,
Fragile and conflict affected situations,FCS,Agricultural nitrous oxide emissions (thousand metric tons of CO2 equivalent),EN.ATM.NOXE.AG.KT.CE,,,,,,,,,,,,,,,,,,,,,,,,,,,,,,,178480,179220,182810,183700,188220,190700,195200,198220,209610,210270,215440,210050,220920,228000,231820,241910,240130,246660,251700,251480,256770,258330,266000,270970,274060,277240,288620,290800,296460,294710,,
Finland,FIN,Agricultural nitrous oxide emissions (thousand metric tons of CO2 equivalent),EN.ATM.NOXE.AG.KT.CE,,,,,,,,,,,,,,,,,,,,,,,,,,,,,,,4150,3810,3770,3790,3860,3820,3780,3810,3730,3760,3810,3760,3880,3780,3850,3990,3770,3940,4200,3890,4070,3670,3680,3710,3780,3730,3700,3700,3700,3770,,
Fiji,FJI,Agricultural nitrous oxide emissions (thousand metric tons of CO2 equivalent),EN.ATM.NOXE.AG.KT.CE,,,,,,,,,,,,,,,,,,,,,,,,,,,,,,,330,320,320,350,360,380,380,380,370,350,330,350,360,310,350,340,320,330,340,320,320,320,320,330,150,170,160,180,170,190,,
France,FRA,Agricultural nitrous oxide emissions (thousand metric tons of CO2 equivalent),EN.ATM.NOXE.AG.KT.CE,,,,,,,,,,,,,,,,,,,,,,,,,,,,,,,36340,36790,33920,33890,34380,34960,36330,36120,36240,36440,35530,35650,34610,34350,34650,33420,33190,34400,33200,31770,32380,31300,31970,32860,33130,33800,32240,33160,32710,32830,,
Faroe Islands,FRO,Agricultural nitrous oxide emissions (thousand metric tons of CO2 equivalent),EN.ATM.NOXE.AG.KT.CE,,,,,,,,,,,,,,,,,,,,,,,,,,,,,,,,,,,,,,,,,,,,,,,,,,,,,,,,,,,,,,
"Micronesia, Fed. Sts.",FSM,Agricultural nitrous oxide emissions (thousand metric tons of CO2 equivalent),EN.ATM.NOXE.AG.KT.CE,,,,,,,,,,,,,,,,,,,,,,,,,,,,,,,,,,,,10,10,10,10,10,10,10,10,10,10,10,10,10,10,10,10,20,20,20,20,20,20,20,20,20,,
Gabon,GAB,Agricultural nitrous oxide emissions (thousand metric tons of CO2 equivalent),EN.ATM.NOXE.AG.KT.CE,,,,,,,,,,,,,,,,,,,,,,,,,,,,,,,260,270,270,280,270,270,220,240,240,250,230,230,250,270,320,280,320,320,360,290,310,350,340,360,310,340,350,390,330,390,,
United Kingdom,GBR,Agricultural nitrous oxide emissions (thousand metric tons of CO2 equivalent),EN.ATM.NOXE.AG.KT.CE,,,,,,,,,,,,,,,,,,,,,,,,,,,,,,,28890,27830,26940,26840,27540,27430,28330,27650,27160,26880,25660,24930,24900,24370,24370,23840,23300,22940,23040,22270,22620,22660,22410,22520,23330,23300,23120,23410,23090,23270,,
Georgia,GEO,Agricultural nitrous oxide emissions (thousand metric tons of CO2 equivalent),EN.ATM.NOXE.AG.KT.CE,,,,,,,,,,,,,,,,,,,,,,,,,,,,,,,1620,1520,1390,1190,1010,1010,1040,1090,1090,1190,1220,1160,1160,1130,1130,1210,1090,1000,930,920,900,1110,1220,1350,1290,1140,1150,1050,1030,1020,,
Ghana,GHA,Agricultural nitrous oxide emissions (thousand metric tons of CO2 equivalent),EN.ATM.NOXE.AG.KT.CE,,,,,,,,,,,,,,,,,,,,,,,,,,,,,,,3230,3300,3270,3290,3280,3290,3510,3560,4130,3520,4140,3530,3450,3810,3340,4300,4160,3900,3920,3740,3980,4360,4210,4570,4440,4680,4700,5030,4800,4820,,
Gibraltar,GIB,Agricultural nitrous oxide emissions (thousand metric tons of CO2 equivalent),EN.ATM.NOXE.AG.KT.CE,,,,,,,,,,,,,,,,,,,,,,,,,,,,,,,,,,,,,,,,,,,,,,,,,,,,,,,,,,,,,,
Guinea,GIN,Agricultural nitrous oxide emissions (thousand metric tons of CO2 equivalent),EN.ATM.NOXE.AG.KT.CE,,,,,,,,,,,,,,,,,,,,,,,,,,,,,,,2560,2630,2690,2780,2880,2980,2570,2600,2990,2730,2940,3410,3880,3810,3690,4300,4280,4320,4490,4480,4540,4900,5420,5410,5450,5370,6600,6340,5990,6520,,
"Gambia, The",GMB,Agricultural nitrous oxide emissions (thousand metric tons of CO2 equivalent),EN.ATM.NOXE.AG.KT.CE,,,,,,,,,,,,,,,,,,,,,,,,,,,,,,,280,290,290,290,290,290,300,290,310,280,310,270,260,300,320,330,350,350,350,370,380,350,310,320,340,340,340,340,340,330,,
Guinea-Bissau,GNB,Agricultural nitrous oxide emissions (thousand metric tons of CO2 equivalent),EN.ATM.NOXE.AG.KT.CE,,,,,,,,,,,,,,,,,,,,,,,,,,,,,,,490,490,500,510,520,530,490,480,470,520,510,670,690,690,640,590,670,660,600,650,680,680,740,690,720,750,710,740,770,760,,
Equatorial Guinea,GNQ,Agricultural nitrous oxide emissions (thousand metric tons of CO2 equivalent),EN.ATM.NOXE.AG.KT.CE,,,,,,,,,,,,,,,,,,,,,,,,,,,,,,,10,10,10,10,10,10,10,10,10,10,10,10,10,10,10,10,10,10,10,10,10,10,10,10,10,10,10,10,10,10,,
Greece,GRC,Agricultural nitrous oxide emissions (thousand metric tons of CO2 equivalent),EN.ATM.NOXE.AG.KT.CE,,,,,,,,,,,,,,,,,,,,,,,,,,,,,,,5380,5330,5150,4730,4870,4670,4830,4640,4540,4520,4540,4360,4430,4480,4150,3980,3750,3580,3820,3400,3770,4320,3720,3740,3610,3440,3450,3510,3320,3280,,
Grenada,GRD,Agricultural nitrous oxide emissions (thousand metric tons of CO2 equivalent),EN.ATM.NOXE.AG.KT.CE,,,,,,,,,,,,,,,,,,,,,,,,,,,,,,,10,10,10,10,10,10,10,10,10,10,10,10,10,10,10,10,10,10,10,10,10,10,10,10,10,10,10,10,10,10,,
Greenland,GRL,Agricultural nitrous oxide emissions (thousand metric tons of CO2 equivalent),EN.ATM.NOXE.AG.KT.CE,,,,,,,,,,,,,,,,,,,,,,,,,,,,,,,,,,,,,,,,,,,,,,,,,,,,,,,,,,,,,,
Guatemala,GTM,Agricultural nitrous oxide emissions (thousand metric tons of CO2 equivalent),EN.ATM.NOXE.AG.KT.CE,,,,,,,,,,,,,,,,,,,,,,,,,,,,,,,1950,2090,2210,2330,2320,2360,2300,2360,2300,2480,2520,2590,2570,2840,2900,3090,3060,3160,2880,3210,3390,3610,3680,3710,3640,3820,3820,3870,3890,3940,,
Guam,GUM,Agricultural nitrous oxide emissions (thousand metric tons of CO2 equivalent),EN.ATM.NOXE.AG.KT.CE,,,,,,,,,,,,,,,,,,,,,,,,,,,,,,,,,,,,,,,,,,,,,,,,,,,,,,,,,,,,,,
Guyana,GUY,Agricultural nitrous oxide emissions (thousand metric tons of CO2 equivalent),EN.ATM.NOXE.AG.KT.CE,,,,,,,,,,,,,,,,,,,,,,,,,,,,,,,570,620,610,620,600,690,700,730,730,760,720,730,760,800,880,790,790,800,860,810,850,810,860,900,870,920,850,800,920,890,,
High income,HIC,Agricultural nitrous oxide emissions (thousand metric tons of CO2 equivalent),EN.ATM.NOXE.AG.KT.CE,,,,,,,,,,,,,,,,,,,,,,,,,,,,,,,546050,534120,526760,525200,531650,528200,534230,530670,533920,547920,545930,551700,545490,510340,537710,508320,525610,530990,507170,498960,493680,551830,553770,516430,530920,527620,515510,537240,530400,513640,,
"Hong Kong SAR, China",HKG,Agricultural nitrous oxide emissions (thousand metric tons of CO2 equivalent),EN.ATM.NOXE.AG.KT.CE,,,,,,,,,,,,,,,,,,,,,,,,,,,,,,,,,,,,,,,,,,,,,,,,,,,,,,,,,,,,,,
Honduras,HND,Agricultural nitrous oxide emissions (thousand metric tons of CO2 equivalent),EN.ATM.NOXE.AG.KT.CE,,,,,,,,,,,,,,,,,,,,,,,,,,,,,,,1530,1580,1570,1520,1450,1750,1590,1770,1780,1770,1970,1850,1520,1960,1940,2170,2150,2110,1890,2010,2000,2270,2150,2320,2260,2200,2390,2450,2540,2500,,
Heavily indebted poor countries (HIPC),HPC,Agricultural nitrous oxide emissions (thousand metric tons of CO2 equivalent),EN.ATM.NOXE.AG.KT.CE,,,,,,,,,,,,,,,,,,,,,,,,,,,,,,,174030,176840,179270,179580,181720,184960,185290,187790,200240,198720,201560,195670,209160,221350,221640,235690,229720,237550,242940,241930,253070,253690,260930,267550,269380,275930,287820,286940,290150,293220,,
Croatia,HRV,Agricultural nitrous oxide emissions (thousand metric tons of CO2 equivalent),EN.ATM.NOXE.AG.KT.CE,,,,,,,,,,,,,,,,,,,,,,,,,,,,,,,1930,1740,1670,1410,1390,1350,1380,1700,1340,1360,1420,1350,1540,1460,1680,1530,1970,2050,2390,1320,1420,1560,1350,1160,1140,1220,1170,1290,1290,1250,,
Haiti,HTI,Agricultural nitrous oxide emissions (thousand metric tons of CO2 equivalent),EN.ATM.NOXE.AG.KT.CE,,,,,,,,,,,,,,,,,,,,,,,,,,,,,,,870,930,1050,1000,1000,1010,1040,1100,1160,1170,1300,1300,1300,1310,1300,1310,1300,1320,1310,1320,1330,1330,1320,1340,1360,1370,1410,1410,1400,1400,,
Hungary,HUN,Agricultural nitrous oxide emissions (thousand metric tons of CO2 equivalent),EN.ATM.NOXE.AG.KT.CE,,,,,,,,,,,,,,,,,,,,,,,,,,,,,,,5850,5370,4010,4220,4330,4190,4680,4640,4510,4680,4620,4950,4580,4330,4790,4430,4510,4460,4770,4270,4170,4440,4330,4700,4740,4730,4910,4940,5280,5050,,
IBRD only,IBD,Agricultural nitrous oxide emissions (thousand metric tons of CO2 equivalent),EN.ATM.NOXE.AG.KT.CE,,,,,,,,,,,,,,,,,,,,,,,,,,,,,,,1027100,1022770,1018890,1004010,1012420,1048680,1067170,1039030,1052120,1060210,1048640,1065300,1093260,1107800,1138240,1155490,1171400,1201950,1211630,1215640,1249590,1264740,1265120,1267810,1272920,1277360,1294190,1318320,1301760,1315400,,
IDA & IBRD total,IBT,Agricultural nitrous oxide emissions (thousand metric tons of CO2 equivalent),EN.ATM.NOXE.AG.KT.CE,,,,,,,,,,,,,,,,,,,,,,,,,,,,,,,1321960,1320190,1320640,1307130,1321200,1364940,1386270,1364850,1393530,1404060,1397040,1406000,1449720,1480870,1514390,1551630,1564070,1610570,1630060,1637960,1682600,1704320,1712570,1726290,1737450,1750210,1784550,1812860,1805020,1820600,,
IDA total,IDA,Agricultural nitrous oxide emissions (thousand metric tons of CO2 equivalent),EN.ATM.NOXE.AG.KT.CE,,,,,,,,,,,,,,,,,,,,,,,,,,,,,,,294860,297420,301750,303120,308780,316260,319100,325820,341410,343850,348400,340700,356460,373070,376150,396140,392670,408620,418430,422320,433010,439580,447450,458480,464530,472850,490360,494540,503260,505200,,
IDA blend,IDB,Agricultural nitrous oxide emissions (thousand metric tons of CO2 equivalent),EN.ATM.NOXE.AG.KT.CE,,,,,,,,,,,,,,,,,,,,,,,,,,,,,,,75010,74060,74430,74470,75980,78340,78470,82890,85730,87700,88220,88430,89730,93580,94750,100110,100620,105680,108410,112040,114540,117270,116060,120460,121550,123250,129320,132680,135100,138460,,
Indonesia,IDN,Agricultural nitrous oxide emissions (thousand metric tons of CO2 equivalent),EN.ATM.NOXE.AG.KT.CE,,,,,,,,,,,,,,,,,,,,,,,,,,,,,,,54460,54540,56530,55380,56820,59020,61000,58470,59560,57880,58760,58890,61120,61480,63290,64180,65900,67230,69500,72680,72350,75000,76900,74910,77840,78110,79580,85530,88410,87980,,
IDA only,IDX,Agricultural nitrous oxide emissions (thousand metric tons of CO2 equivalent),EN.ATM.NOXE.AG.KT.CE,,,,,,,,,,,,,,,,,,,,,,,,,,,,,,,219850,223360,227320,228650,232800,237920,240630,242930,255680,256150,260180,252270,266730,279490,281400,296030,292050,302940,310020,310280,318470,322310,331390,338020,342980,349600,361040,361860,368160,366740,,
Isle of Man,IMN,Agricultural nitrous oxide emissions (thousand metric tons of CO2 equivalent),EN.ATM.NOXE.AG.KT.CE,,,,,,,,,,,,,,,,,,,,,,,,,,,,,,,,,,,,,,,,,,,,,,,,,,,,,,,,,,,,,,
India,IND,Agricultural nitrous oxide emissions (thousand metric tons of CO2 equivalent),EN.ATM.NOXE.AG.KT.CE,,,,,,,,,,,,,,,,,,,,,,,,,,,,,,,132590,136350,140240,143420,148740,151420,155530,160030,163300,165540,161490,164660,157700,163960,169290,177690,185990,193800,196980,200300,207300,214230,211230,210660,212050,215300,213450,216680,222200,219600,,
Not classified,INX,Agricultural nitrous oxide emissions (thousand metric tons of CO2 equivalent),EN.ATM.NOXE.AG.KT.CE,,,,,,,,,,,,,,,,,,,,,,,,,,,,,,,,,,,,,,,,,,,,,,,,,,,,,,,,,,,,,,
Ireland,IRL,Agricultural nitrous oxide emissions (thousand metric tons of CO2 equivalent),EN.ATM.NOXE.AG.KT.CE,,,,,,,,,,,,,,,,,,,,,,,,,,,,,,,8730,8690,8750,9080,9270,9250,9100,9180,9600,9540,9420,9380,9960,9440,9210,9040,8860,8690,8650,8930,8490,8390,8890,8840,8770,8890,8920,9270,9040,8790,,
"Iran, Islamic Rep.",IRN,Agricultural nitrous oxide emissions (thousand metric tons of CO2 equivalent),EN.ATM.NOXE.AG.KT.CE,,,,,,,,,,,,,,,,,,,,,,,,,,,,,,,13620,14190,15970,14360,14840,15140,15570,16540,17260,16680,16670,16860,17720,18350,19430,19880,21650,20350,19430,19330,18900,16020,16760,16430,15350,15140,15670,15180,15390,15910,,
Iraq,IRQ,Agricultural nitrous oxide emissions (thousand metric tons of CO2 equivalent),EN.ATM.NOXE.AG.KT.CE,,,,,,,,,,,,,,,,,,,,,,,,,,,,,,,3450,2210,2750,3690,3580,3300,3210,3380,3530,3420,3410,5000,5260,2180,2450,2970,2900,2800,3140,3770,3600,3860,4020,4030,3620,2710,3030,3530,3490,4320,,
Iceland,ISL,Agricultural nitrous oxide emissions (thousand metric tons of CO2 equivalent),EN.ATM.NOXE.AG.KT.CE,,,,,,,,,,,,,,,,,,,,,,,,,,,,,,,360,350,340,350,340,330,350,350,350,360,350,320,330,330,320,320,340,350,360,320,320,320,330,320,340,340,340,350,340,340,,
Israel,ISR,Agricultural nitrous oxide emissions (thousand metric tons of CO2 equivalent),EN.ATM.NOXE.AG.KT.CE,,,,,,,,,,,,,,,,,,,,,,,,,,,,,,,740,710,750,750,810,810,900,880,900,800,840,830,790,850,850,840,880,960,880,820,810,900,900,920,920,960,950,980,980,990,,
Italy,ITA,Agricultural nitrous oxide emissions (thousand metric tons of CO2 equivalent),EN.ATM.NOXE.AG.KT.CE,,,,,,,,,,,,,,,,,,,,,,,,,,,,,,,15490,15230,15070,14720,14390,14190,14490,14080,14150,14240,13970,12600,13580,13220,13640,12990,12870,12970,12340,11130,11090,11090,11570,11530,11350,11490,11620,11530,10680,10650,,
Jamaica,JAM,Agricultural nitrous oxide emissions (thousand metric tons of CO2 equivalent),EN.ATM.NOXE.AG.KT.CE,,,,,,,,,,,,,,,,,,,,,,,,,,,,,,,370,390,380,390,400,400,390,390,390,400,410,410,400,430,410,390,310,290,300,290,290,290,310,300,300,280,280,280,280,280,,
Jordan,JOR,Agricultural nitrous oxide emissions (thousand metric tons of CO2 equivalent),EN.ATM.NOXE.AG.KT.CE,,,,,,,,,,,,,,,,,,,,,,,,,,,,,,,340,440,500,490,420,450,420,440,420,420,370,370,390,400,480,520,430,630,610,450,520,640,420,590,580,680,670,630,620,620,,
Japan,JPN,Agricultural nitrous oxide emissions (thousand metric tons of CO2 equivalent),EN.ATM.NOXE.AG.KT.CE,,,,,,,,,,,,,,,,,,,,,,,,,,,,,,,9890,9600,9690,9720,9760,9250,9030,8870,8630,8610,8640,8550,8830,8810,8930,8800,8650,8610,8320,8060,8110,7580,7150,7510,7650,7350,7440,7510,7530,7530,,
Kazakhstan,KAZ,Agricultural nitrous oxide emissions (thousand metric tons of CO2 equivalent),EN.ATM.NOXE.AG.KT.CE,,,,,,,,,,,,,,,,,,,,,,,,,,,,,,,17120,16060,14180,13180,12550,10510,9080,7870,6440,6030,5750,6550,10900,7650,8610,8920,9740,8680,8860,8280,9670,8530,8280,7390,8750,9490,8630,11870,9470,10680,,
Kenya,KEN,Agricultural nitrous oxide emissions (thousand metric tons of CO2 equivalent),EN.ATM.NOXE.AG.KT.CE,,,,,,,,,,,,,,,,,,,,,,,,,,,,,,,9840,9470,9420,9300,9410,9250,8850,8780,9090,9550,8820,8890,9180,9840,10300,10230,9770,15470,15450,14900,15060,15660,15460,15340,16260,15710,16820,15440,16070,18580,,
Kyrgyz Republic,KGZ,Agricultural nitrous oxide emissions (thousand metric tons of CO2 equivalent),EN.ATM.NOXE.AG.KT.CE,,,,,,,,,,,,,,,,,,,,,,,,,,,,,,,2140,2000,1850,1700,1500,1210,1160,1130,1180,1190,1210,1230,1130,1270,1250,1290,1290,1320,1340,1490,1500,1520,1570,1640,1700,1620,1650,1650,1790,1770,,
Cambodia,KHM,Agricultural nitrous oxide emissions (thousand metric tons of CO2 equivalent),EN.ATM.NOXE.AG.KT.CE,,,,,,,,,,,,,,,,,,,,,,,,,,,,,,,2620,2670,2850,2930,2890,3060,3250,3170,3050,3420,3090,2890,3050,3200,3340,3270,3610,3740,3750,3930,3880,4080,3860,3860,3820,4060,3830,4360,4260,4110,,
Kiribati,KIR,Agricultural nitrous oxide emissions (thousand metric tons of CO2 equivalent),EN.ATM.NOXE.AG.KT.CE,,,,,,,,,,,,,,,,,,,,,,,,,,,,,,,0,0,0,0,0,0,0,0,0,0,0,0,0,0,0,0,0,0,0,0,0,0,0,0,0,0,0,0,0,0,,
St. Kitts and Nevis,KNA,Agricultural nitrous oxide emissions (thousand metric tons of CO2 equivalent),EN.ATM.NOXE.AG.KT.CE,,,,,,,,,,,,,,,,,,,,,,,,,,,,,,,10,10,10,10,10,10,10,10,10,10,10,10,10,10,10,10,10,10,10,10,10,10,0,0,0,0,0,0,0,0,,
"Korea, Rep.",KOR,Agricultural nitrous oxide emissions (thousand metric tons of CO2 equivalent),EN.ATM.NOXE.AG.KT.CE,,,,,,,,,,,,,,,,,,,,,,,,,,,,,,,5360,5240,5480,5550,5650,5810,5830,6130,5580,5300,5060,4800,4660,4700,4980,5250,4710,5040,4760,4610,4700,4640,4820,4730,4630,4710,4760,4790,4890,4930,,
Kuwait,KWT,Agricultural nitrous oxide emissions (thousand metric tons of CO2 equivalent),EN.ATM.NOXE.AG.KT.CE,,,,,,,,,,,,,,,,,,,,,,,,,,,,,,,130,50,50,100,120,130,170,170,180,200,190,170,190,210,190,210,200,210,230,250,220,250,270,280,280,310,310,330,330,340,,
Latin America & Caribbean (excluding high income),LAC,Agricultural nitrous oxide emissions (thousand metric tons of CO2 equivalent),EN.ATM.NOXE.AG.KT.CE,,,,,,,,,,,,,,,,,,,,,,,,,,,,,,,217300,218300,221500,223650,228270,229610,223620,228680,235060,234590,236460,246390,253650,265450,274030,276910,274880,292630,282050,274870,296500,297270,298140,301250,303750,300640,312890,325530,318840,325400,,
Lao PDR,LAO,Agricultural nitrous oxide emissions (thousand metric tons of CO2 equivalent),EN.ATM.NOXE.AG.KT.CE,,,,,,,,,,,,,,,,,,,,,,,,,,,,,,,1390,1420,1500,1510,1590,1630,1590,1630,1500,1420,1520,1580,1660,1700,1860,1860,1810,2020,1950,2060,2300,2100,2300,2370,2360,2470,2610,2520,2500,2560,,
Lebanon,LBN,Agricultural nitrous oxide emissions (thousand metric tons of CO2 equivalent),EN.ATM.NOXE.AG.KT.CE,,,,,,,,,,,,,,,,,,,,,,,,,,,,,,,290,300,320,350,300,390,380,390,410,410,420,450,400,430,450,390,360,390,380,420,430,520,550,530,530,540,570,580,550,580,,
Liberia,LBR,Agricultural nitrous oxide emissions (thousand metric tons of CO2 equivalent),EN.ATM.NOXE.AG.KT.CE,,,,,,,,,,,,,,,,,,,,,,,,,,,,,,,160,150,150,140,140,140,130,140,140,140,150,150,150,160,160,150,170,190,200,330,230,240,250,240,270,330,280,280,280,310,,
Libya,LBY,Agricultural nitrous oxide emissions (thousand metric tons of CO2 equivalent),EN.ATM.NOXE.AG.KT.CE,,,,,,,,,,,,,,,,,,,,,,,,,,,,,,,1040,1030,950,970,910,980,930,900,980,1060,900,870,950,970,1070,1140,1220,1280,1280,1320,1370,1370,1380,1380,1290,1250,1310,1310,1320,1330,,
St. Lucia,LCA,Agricultural nitrous oxide emissions (thousand metric tons of CO2 equivalent),EN.ATM.NOXE.AG.KT.CE,,,,,,,,,,,,,,,,,,,,,,,,,,,,,,,30,30,30,30,40,60,70,70,30,20,20,20,10,10,10,10,10,10,10,10,10,10,10,10,10,10,10,10,10,10,,
Latin America & Caribbean,LCN,Agricultural nitrous oxide emissions (thousand metric tons of CO2 equivalent),EN.ATM.NOXE.AG.KT.CE,,,,,,,,,,,,,,,,,,,,,,,,,,,,,,,238680,240120,243680,245920,250860,252420,246570,251520,257810,257140,259580,270320,277690,290310,299690,302810,301080,319350,310070,302400,322880,322810,325340,328340,330610,327080,339140,351360,344670,351660,,
Least developed countries: UN classification,LDC,Agricultural nitrous oxide emissions (thousand metric tons of CO2 equivalent),EN.ATM.NOXE.AG.KT.CE,,,,,,,,,,,,,,,,,,,,,,,,,,,,,,,217920,222000,226140,227720,231960,236770,238200,239720,253240,253120,256720,249980,265180,278840,281880,293700,288290,300420,307250,307780,317310,320250,328410,335250,340080,347140,357980,359810,364250,364320,,
Low income,LIC,Agricultural nitrous oxide emissions (thousand metric tons of CO2 equivalent),EN.ATM.NOXE.AG.KT.CE,,,,,,,,,,,,,,,,,,,,,,,,,,,,,,,152180,154900,158000,158470,161450,163430,165580,167820,178630,176850,180110,173260,185590,195830,197780,208160,204160,212790,218240,217110,222530,223230,231250,234670,237910,242340,252380,251480,255260,253360,,
Liechtenstein,LIE,Agricultural nitrous oxide emissions (thousand metric tons of CO2 equivalent),EN.ATM.NOXE.AG.KT.CE,,,,,,,,,,,,,,,,,,,,,,,,,,,,,,,,,,,,,,,,,,,,,,,,,,,,,,,,,,,,,,
Sri Lanka,LKA,Agricultural nitrous oxide emissions (thousand metric tons of CO2 equivalent),EN.ATM.NOXE.AG.KT.CE,,,,,,,,,,,,,,,,,,,,,,,,,,,,,,,1650,1590,1650,1750,1820,1770,1690,1710,1690,1850,1790,1780,2000,1790,1860,2030,1980,1880,2230,2050,2000,2260,2000,1790,2300,2380,1670,1490,1370,1560,,
Lower middle income,LMC,Agricultural nitrous oxide emissions (thousand metric tons of CO2 equivalent),EN.ATM.NOXE.AG.KT.CE,,,,,,,,,,,,,,,,,,,,,,,,,,,,,,,447560,451260,457020,456150,465640,475140,480940,487940,499840,504040,503690,505310,508120,525130,538570,556840,567540,585670,592630,608410,620350,634580,633320,643710,649620,661000,669230,686530,697490,702680,,
Low & middle income,LMY,Agricultural nitrous oxide emissions (thousand metric tons of CO2 equivalent),EN.ATM.NOXE.AG.KT.CE,,,,,,,,,,,,,,,,,,,,,,,,,,,,,,,1273680,1275530,1276750,1263090,1277280,1320730,1341920,1319600,1350160,1361590,1354350,1362660,1406130,1436330,1468200,1504530,1516550,1562020,1579890,1589840,1635000,1658030,1664970,1678890,1690920,1703490,1737130,1765570,1757720,1772740,,
Lesotho,LSO,Agricultural nitrous oxide emissions (thousand metric tons of CO2 equivalent),EN.ATM.NOXE.AG.KT.CE,,,,,,,,,,,,,,,,,,,,,,,,,,,,,,,570,560,610,600,590,560,550,540,500,700,670,650,570,590,560,630,620,640,580,590,580,590,590,540,530,530,510,570,550,520,,
Late-demographic dividend,LTE,Agricultural nitrous oxide emissions (thousand metric tons of CO2 equivalent),EN.ATM.NOXE.AG.KT.CE,,,,,,,,,,,,,,,,,,,,,,,,,,,,,,,597090,595010,589200,574620,579500,611480,624670,592790,599750,609560,598310,607270,637180,642490,660660,665230,668190,686020,689530,692410,710190,709170,714950,715860,725220,728230,733990,740550,723010,732410,,
Lithuania,LTU,Agricultural nitrous oxide emissions (thousand metric tons of CO2 equivalent),EN.ATM.NOXE.AG.KT.CE,,,,,,,,,,,,,,,,,,,,,,,,,,,,,,,4470,4190,3750,3140,2910,2740,2980,2990,2960,2910,2910,2810,2920,2940,2970,2970,2940,3050,2970,3060,3050,3100,3200,3200,3260,3340,3240,3270,3110,3180,,
Luxembourg,LUX,Agricultural nitrous oxide emissions (thousand metric tons of CO2 equivalent),EN.ATM.NOXE.AG.KT.CE,,,,,,,,,,,,,,,,,,,,,,,,,,,,,,,220,220,220,220,220,220,220,220,220,220,140,140,210,210,230,220,210,210,220,220,220,220,210,220,210,220,220,220,220,220,,
Latvia,LVA,Agricultural nitrous oxide emissions (thousand metric tons of CO2 equivalent),EN.ATM.NOXE.AG.KT.CE,,,,,,,,,,,,,,,,,,,,,,,,,,,,,,,2320,2180,2180,1850,1510,1260,1280,1290,1330,1320,1280,1360,1350,1280,1370,1400,1410,1470,1510,1520,1540,1570,1630,1660,1700,1770,1760,1740,1660,1740,,
"Macao SAR, China",MAC,Agricultural nitrous oxide emissions (thousand metric tons of CO2 equivalent),EN.ATM.NOXE.AG.KT.CE,,,,,,,,,,,,,,,,,,,,,,,,,,,,,,,,,,,,,,,,,,,,,,,,,,,,,,,,,,,,,,
St. Martin (French part),MAF,Agricultural nitrous oxide emissions (thousand metric tons of CO2 equivalent),EN.ATM.NOXE.AG.KT.CE,,,,,,,,,,,,,,,,,,,,,,,,,,,,,,,,,,,,,,,,,,,,,,,,,,,,,,,,,,,,,,
Morocco,MAR,Agricultural nitrous oxide emissions (thousand metric tons of CO2 equivalent),EN.ATM.NOXE.AG.KT.CE,,,,,,,,,,,,,,,,,,,,,,,,,,,,,,,5750,5590,5060,4800,5190,4760,5370,5440,5610,5870,5920,6000,6290,6300,6560,6920,7290,6720,6800,6660,6810,7150,6690,7450,7310,7710,6430,7790,7920,7400,,
Monaco,MCO,Agricultural nitrous oxide emissions (thousand metric tons of CO2 equivalent),EN.ATM.NOXE.AG.KT.CE,,,,,,,,,,,,,,,,,,,,,,,,,,,,,,,,,,,,,,,,,,,,,,,,,,,,,,,,,,,,,,
Moldova,MDA,Agricultural nitrous oxide emissions (thousand metric tons of CO2 equivalent),EN.ATM.NOXE.AG.KT.CE,,,,,,,,,,,,,,,,,,,,,,,,,,,,,,,1910,1790,1400,1330,1300,1330,1270,940,780,720,690,850,760,720,760,730,700,690,700,610,660,730,700,790,850,770,880,910,1020,930,,
Madagascar,MDG,Agricultural nitrous oxide emissions (thousand metric tons of CO2 equivalent),EN.ATM.NOXE.AG.KT.CE,,,,,,,,,,,,,,,,,,,,,,,,,,,,,,,7950,7960,8000,8040,8050,8100,8150,7910,8170,7910,7550,7260,6560,7550,6780,8380,7760,8450,7790,8140,8070,8110,8300,8070,8040,8100,8570,8120,8140,7950,,
Maldives,MDV,Agricultural nitrous oxide emissions (thousand metric tons of CO2 equivalent),EN.ATM.NOXE.AG.KT.CE,,,,,,,,,,,,,,,,,,,,,,,,,,,,,,,,,,,,,,,,,,,0,0,0,0,0,0,0,0,0,0,0,0,0,0,0,0,0,0,,
Middle East & North Africa,MEA,Agricultural nitrous oxide emissions (thousand metric tons of CO2 equivalent),EN.ATM.NOXE.AG.KT.CE,,,,,,,,,,,,,,,,,,,,,,,,,,,,,,,49460,49410,51620,51450,50850,52130,54200,55130,57930,57630,58300,60460,62780,61880,65950,66870,69350,67730,65900,66270,65180,64650,64820,65430,63910,63870,63950,64420,64230,66560,,
Mexico,MEX,Agricultural nitrous oxide emissions (thousand metric tons of CO2 equivalent),EN.ATM.NOXE.AG.KT.CE,,,,,,,,,,,,,,,,,,,,,,,,,,,,,,,33360,32050,32320,32670,32670,31620,32090,32100,33360,32650,33040,33460,30860,31360,31250,33240,32310,33180,32240,32890,33330,33980,35480,37640,32990,33050,37170,37450,36820,37830,,
Marshall Islands,MHL,Agricultural nitrous oxide emissions (thousand metric tons of CO2 equivalent),EN.ATM.NOXE.AG.KT.CE,,,,,,,,,,,,,,,,,,,,,,,,,,,,,,,,,,,,,,,,,,,,,,,,,,,,,,,,,,,,,,
Middle income,MIC,Agricultural nitrous oxide emissions (thousand metric tons of CO2 equivalent),EN.ATM.NOXE.AG.KT.CE,,,,,,,,,,,,,,,,,,,,,,,,,,,,,,,1121500,1120630,1118750,1104620,1115830,1157300,1176340,1151780,1171530,1184740,1174240,1189400,1220540,1240500,1270420,1296370,1312390,1349230,1361650,1372730,1412470,1434800,1433720,1444220,1453010,1461150,1484750,1514090,1502460,1519380,,
North Macedonia,MKD,Agricultural nitrous oxide emissions (thousand metric tons of CO2 equivalent),EN.ATM.NOXE.AG.KT.CE,,,,,,,,,,,,,,,,,,,,,,,,,,,,,,,860,780,520,520,770,700,700,650,610,560,530,470,440,450,500,490,490,480,460,450,460,460,430,450,460,450,490,470,450,430,,
Mali,MLI,Agricultural nitrous oxide emissions (thousand metric tons of CO2 equivalent),EN.ATM.NOXE.AG.KT.CE,,,,,,,,,,,,,,,,,,,,,,,,,,,,,,,6140,6110,6120,6200,6260,6350,6730,6820,7240,7840,7950,7490,7690,7890,8930,9120,9220,9330,9950,9710,10390,10540,10680,11180,11300,11710,13170,13080,13260,13880,,
Malta,MLT,Agricultural nitrous oxide emissions (thousand metric tons of CO2 equivalent),EN.ATM.NOXE.AG.KT.CE,,,,,,,,,,,,,,,,,,,,,,,,,,,,,,,30,30,40,40,40,30,30,30,30,30,30,30,30,30,30,30,30,30,30,30,30,20,30,40,50,50,30,20,20,20,,
Myanmar,MMR,Agricultural nitrous oxide emissions (thousand metric tons of CO2 equivalent),EN.ATM.NOXE.AG.KT.CE,,,,,,,,,,,,,,,,,,,,,,,,,,,,,,,10310,10300,10500,10800,11300,11500,11710,11680,11920,12310,12740,12390,12370,12990,13790,13740,14300,14980,14970,15520,15950,16330,16890,17610,18650,18590,19080,20460,21400,21820,,
Middle East & North Africa (excluding high income),MNA,Agricultural nitrous oxide emissions (thousand metric tons of CO2 equivalent),EN.ATM.NOXE.AG.KT.CE,,,,,,,,,,,,,,,,,,,,,,,,,,,,,,,44630,44460,46440,46370,45890,47530,49350,50070,52680,52450,52930,55010,57210,56090,60000,61080,63520,61680,60520,61170,59940,59030,59200,59190,57820,57440,57400,57960,57630,59770,,
Montenegro,MNE,Agricultural nitrous oxide emissions (thousand metric tons of CO2 equivalent),EN.ATM.NOXE.AG.KT.CE,,,,,,,,,,,,,,,,,,,,,,,,,,,,,,,150,140,110,110,110,130,130,140,130,120,110,120,120,110,140,130,140,140,120,120,120,110,120,110,110,120,110,120,110,100,,
Mongolia,MNG,Agricultural nitrous oxide emissions (thousand metric tons of CO2 equivalent),EN.ATM.NOXE.AG.KT.CE,,,,,,,,,,,,,,,,,,,,,,,,,,,,,,,8150,8320,8270,8200,8100,8410,8670,9110,9170,9340,9530,8640,7950,7990,7870,8300,8890,9670,9760,9780,8480,9350,10040,10340,11300,12050,12520,13030,12970,13630,,
Northern Mariana Islands,MNP,Agricultural nitrous oxide emissions (thousand metric tons of CO2 equivalent),EN.ATM.NOXE.AG.KT.CE,,,,,,,,,,,,,,,,,,,,,,,,,,,,,,,,,,,,,,,,,,,,,,,,,,,,,,,,,,,,,,
Mozambique,MOZ,Agricultural nitrous oxide emissions (thousand metric tons of CO2 equivalent),EN.ATM.NOXE.AG.KT.CE,,,,,,,,,,,,,,,,,,,,,,,,,,,,,,,7740,7810,7870,7960,8030,8090,7910,7090,8130,7680,7080,8080,8660,8770,8390,9020,8410,8940,9640,8460,9520,8790,9050,9210,9410,8820,8150,8080,9180,8810,,
Mauritania,MRT,Agricultural nitrous oxide emissions (thousand metric tons of CO2 equivalent),EN.ATM.NOXE.AG.KT.CE,,,,,,,,,,,,,,,,,,,,,,,,,,,,,,,1810,1870,1780,1830,1790,1800,2000,2090,2230,2390,2590,2580,2510,2530,2520,2550,2690,2710,2420,2620,2780,2730,2830,2890,2860,3040,3160,3100,3090,3160,,
Mauritius,MUS,Agricultural nitrous oxide emissions (thousand metric tons of CO2 equivalent),EN.ATM.NOXE.AG.KT.CE,,,,,,,,,,,,,,,,,,,,,,,,,,,,,,,120,120,120,110,130,130,140,130,130,140,140,110,130,120,120,120,110,120,110,110,100,120,140,120,140,110,130,130,120,130,,
Malawi,MWI,Agricultural nitrous oxide emissions (thousand metric tons of CO2 equivalent),EN.ATM.NOXE.AG.KT.CE,,,,,,,,,,,,,,,,,,,,,,,,,,,,,,,1180,1290,1300,1330,1000,1180,1280,1290,1350,1320,1400,1240,1530,1630,1650,1680,1860,2050,2280,2220,2620,2670,2690,2810,3210,3330,3180,3520,4260,4490,,
Malaysia,MYS,Agricultural nitrous oxide emissions (thousand metric tons of CO2 equivalent),EN.ATM.NOXE.AG.KT.CE,,,,,,,,,,,,,,,,,,,,,,,,,,,,,,,6000,5770,6080,6170,6190,6210,5990,6680,7100,6770,6800,6870,7520,8290,8920,9310,9350,9710,10350,9080,10470,10710,10920,10020,10440,10120,10120,9830,9120,9690,,
North America,NAC,Agricultural nitrous oxide emissions (thousand metric tons of CO2 equivalent),EN.ATM.NOXE.AG.KT.CE,,,,,,,,,,,,,,,,,,,,,,,,,,,,,,,184740,185060,190320,191700,197050,196020,202640,201340,202570,200630,196540,194700,195330,201860,203490,202220,202730,209380,205680,201480,203610,211110,212360,214110,212870,211710,215860,215050,216350,213180,,
Namibia,NAM,Agricultural nitrous oxide emissions (thousand metric tons of CO2 equivalent),EN.ATM.NOXE.AG.KT.CE,,,,,,,,,,,,,,,,,,,,,,,,,,,,,,,3400,3470,3400,3310,3310,3280,3140,3010,3300,3280,3640,3420,2890,3140,3340,3390,4240,3860,2870,4360,4000,6490,7090,3450,2890,2840,3100,3140,2720,2190,,
New Caledonia,NCL,Agricultural nitrous oxide emissions (thousand metric tons of CO2 equivalent),EN.ATM.NOXE.AG.KT.CE,,,,,,,,,,,,,,,,,,,,,,,,,,,,,,,,,,,,,,,,,,,,,,,,,,,,,,,,,,,,,,
Niger,NER,Agricultural nitrous oxide emissions (thousand metric tons of CO2 equivalent),EN.ATM.NOXE.AG.KT.CE,,,,,,,,,,,,,,,,,,,,,,,,,,,,,,,3560,3690,3860,4000,4130,4330,4510,4610,4910,5120,5320,5610,5830,6060,6270,6600,6880,7200,7570,7840,7770,7970,8500,8860,9360,9690,10230,10690,11220,11670,,
Nigeria,NGA,Agricultural nitrous oxide emissions (thousand metric tons of CO2 equivalent),EN.ATM.NOXE.AG.KT.CE,,,,,,,,,,,,,,,,,,,,,,,,,,,,,,,16480,16740,17010,17560,17830,17870,18580,19110,20590,20730,20940,21040,21170,22140,22100,24000,23830,23180,23630,22860,24850,25590,26390,27110,27480,27540,29750,30760,30950,30950,,
Nicaragua,NIC,Agricultural nitrous oxide emissions (thousand metric tons of CO2 equivalent),EN.ATM.NOXE.AG.KT.CE,,,,,,,,,,,,,,,,,,,,,,,,,,,,,,,1970,1600,1740,1890,1820,1700,1630,1710,1690,1910,1960,1950,2140,2330,2170,2360,2340,2340,2310,2390,2430,2680,2830,2810,3020,3120,3170,3140,3100,3240,,
Netherlands,NLD,Agricultural nitrous oxide emissions (thousand metric tons of CO2 equivalent),EN.ATM.NOXE.AG.KT.CE,,,,,,,,,,,,,,,,,,,,,,,,,,,,,,,8620,8670,8640,8440,8490,8450,8380,8150,7860,7890,7500,7420,7170,6990,7080,7010,7010,6790,6890,6880,6880,6780,6860,6780,7020,7300,7180,6970,6500,6660,,
Norway,NOR,Agricultural nitrous oxide emissions (thousand metric tons of CO2 equivalent),EN.ATM.NOXE.AG.KT.CE,,,,,,,,,,,,,,,,,,,,,,,,,,,,,,,2650,2670,2650,2640,2660,2680,2700,2700,2660,2650,2630,2600,2600,2640,2650,2650,2620,2630,2650,2540,2500,2560,2560,2560,2600,2640,2650,2640,2630,2660,,
Nepal,NPL,Agricultural nitrous oxide emissions (thousand metric tons of CO2 equivalent),EN.ATM.NOXE.AG.KT.CE,,,,,,,,,,,,,,,,,,,,,,,,,,,,,,,3540,3560,3540,3580,3730,3870,3950,4010,4120,4050,4050,4070,3960,3930,4030,4050,4130,4160,4300,4560,4720,4960,5050,5280,5480,5510,5670,5640,5970,5990,,
Nauru,NRU,Agricultural nitrous oxide emissions (thousand metric tons of CO2 equivalent),EN.ATM.NOXE.AG.KT.CE,,,,,,,,,,,,,,,,,,,,,,,,,,,,,,,0,0,0,0,0,0,0,0,0,0,0,0,0,0,0,0,0,0,0,0,0,0,0,0,0,0,0,0,0,0,,
New Zealand,NZL,Agricultural nitrous oxide emissions (thousand metric tons of CO2 equivalent),EN.ATM.NOXE.AG.KT.CE,,,,,,,,,,,,,,,,,,,,,,,,,,,,,,,14590,14350,14160,14050,14480,14860,14410,14330,14000,14390,14280,14430,15180,15450,14720,14850,14690,14600,14090,13930,13820,14000,14210,14190,14320,14610,14530,14570,14600,14480,,
OECD members,OED,Agricultural nitrous oxide emissions (thousand metric tons of CO2 equivalent),EN.ATM.NOXE.AG.KT.CE,,,,,,,,,,,,,,,,,,,,,,,,,,,,,,,593170,582270,575940,576410,581880,577920,584370,580630,587510,600650,599090,602620,594430,560500,586550,560280,577020,584270,556630,552770,547290,605070,610190,574790,585460,582090,576270,598560,591890,578190,,
Oman,OMN,Agricultural nitrous oxide emissions (thousand metric tons of CO2 equivalent),EN.ATM.NOXE.AG.KT.CE,,,,,,,,,,,,,,,,,,,,,,,,,,,,,,,240,250,270,290,310,320,330,330,360,370,360,390,380,380,420,460,470,470,500,490,520,530,540,620,610,630,660,650,670,680,,
Other small states,OSS,Agricultural nitrous oxide emissions (thousand metric tons of CO2 equivalent),EN.ATM.NOXE.AG.KT.CE,,,,,,,,,,,,,,,,,,,,,,,,,,,,,,,13220,13020,12740,12360,12420,12660,13190,12750,12570,12640,12740,13620,13320,10020,10510,11060,13060,11750,15210,12000,17600,22340,16760,12510,10630,10390,10170,12090,10480,9150,,
Pakistan,PAK,Agricultural nitrous oxide emissions (thousand metric tons of CO2 equivalent),EN.ATM.NOXE.AG.KT.CE,,,,,,,,,,,,,,,,,,,,,,,,,,,,,,,25250,25540,27070,27770,28680,30930,31010,32070,32480,33730,34590,34970,36090,37190,38470,40740,42180,42060,44080,48230,47280,48170,46680,49940,50320,51290,53780,57190,58300,59140,,
Panama,PAN,Agricultural nitrous oxide emissions (thousand metric tons of CO2 equivalent),EN.ATM.NOXE.AG.KT.CE,,,,,,,,,,,,,,,,,,,,,,,,,,,,,,,1030,1020,1080,1100,1060,1060,1100,1020,1040,1010,1000,1110,1110,1140,1100,1110,1130,1090,1150,1170,1190,1190,1250,1280,1180,1160,1120,1120,1130,1120,,
Peru,PER,Agricultural nitrous oxide emissions (thousand metric tons of CO2 equivalent),EN.ATM.NOXE.AG.KT.CE,,,,,,,,,,,,,,,,,,,,,,,,,,,,,,,5220,5060,5000,5210,5430,5800,5970,6090,6320,6620,6890,6900,7110,7180,7210,7230,7400,7780,7600,8050,7860,8020,8050,8080,7950,8170,8210,8460,8020,8330,,
Philippines,PHL,Agricultural nitrous oxide emissions (thousand metric tons of CO2 equivalent),EN.ATM.NOXE.AG.KT.CE,,,,,,,,,,,,,,,,,,,,,,,,,,,,,,,7450,6810,7140,7570,7730,7860,8640,9300,8300,8960,9110,9320,9090,9990,10500,10030,9490,9910,9250,9470,10390,9800,9490,9840,10300,9850,10490,11470,10740,10950,,
Palau,PLW,Agricultural nitrous oxide emissions (thousand metric tons of CO2 equivalent),EN.ATM.NOXE.AG.KT.CE,,,,,,,,,,,,,,,,,,,,,,,,,,,,,,,,,,,,,,,,,,,,,,,,,,,,,,,,,,,,,,
Papua New Guinea,PNG,Agricultural nitrous oxide emissions (thousand metric tons of CO2 equivalent),EN.ATM.NOXE.AG.KT.CE,,,,,,,,,,,,,,,,,,,,,,,,,,,,,,,2880,2890,2900,2910,2920,3150,3090,3200,3150,3290,3430,3510,3620,3630,3790,3620,3650,3540,3500,3520,3510,3460,3490,3490,3550,3640,3470,3520,3670,3550,,
Poland,POL,Agricultural nitrous oxide emissions (thousand metric tons of CO2 equivalent),EN.ATM.NOXE.AG.KT.CE,,,,,,,,,,,,,,,,,,,,,,,,,,,,,,,18470,17950,17080,17080,17340,17450,17350,18040,17020,16710,16440,16170,16460,16370,16320,16910,17190,17950,17440,16920,17470,17230,17590,17040,16730,16870,17620,17540,17350,17660,,
Pre-demographic dividend,PRE,Agricultural nitrous oxide emissions (thousand metric tons of CO2 equivalent),EN.ATM.NOXE.AG.KT.CE,,,,,,,,,,,,,,,,,,,,,,,,,,,,,,,196650,198600,202160,207010,210100,212680,211430,213780,227430,225780,230410,224400,236680,250560,250700,264410,254080,266010,270130,267370,276220,279930,286650,292570,293950,297900,311900,309300,312810,315940,,
Puerto Rico,PRI,Agricultural nitrous oxide emissions (thousand metric tons of CO2 equivalent),EN.ATM.NOXE.AG.KT.CE,,,,,,,,,,,,,,,,,,,,,,,,,,,,,,,,,,,,,,,,,,,,,,,,,,,,,,,,,,,,,,
"Korea, Dem. People's Rep.",PRK,Agricultural nitrous oxide emissions (thousand metric tons of CO2 equivalent),EN.ATM.NOXE.AG.KT.CE,,,,,,,,,,,,,,,,,,,,,,,,,,,,,,,1540,1610,1520,1480,1380,1110,920,880,1050,1110,1140,1240,1280,1310,1320,1340,1330,1290,1330,1330,1340,1370,1400,1370,1360,1350,1350,1350,1310,1380,,
Portugal,PRT,Agricultural nitrous oxide emissions (thousand metric tons of CO2 equivalent),EN.ATM.NOXE.AG.KT.CE,,,,,,,,,,,,,,,,,,,,,,,,,,,,,,,2830,2740,2630,2610,2620,2590,2670,2580,2640,2610,2550,2310,2690,2370,2440,2320,2180,2310,2270,2200,2170,2150,2220,2240,2370,2340,2300,2390,2080,2120,,
Paraguay,PRY,Agricultural nitrous oxide emissions (thousand metric tons of CO2 equivalent),EN.ATM.NOXE.AG.KT.CE,,,,,,,,,,,,,,,,,,,,,,,,,,,,,,,5440,5080,5210,5620,5860,6220,5780,5820,5910,6170,5580,6560,6460,7090,6350,6810,6800,7790,7100,7270,7990,8410,8460,9180,9420,9240,9290,10100,9220,9580,,
West Bank and Gaza,PSE,Agricultural nitrous oxide emissions (thousand metric tons of CO2 equivalent),EN.ATM.NOXE.AG.KT.CE,,,,,,,,,,,,,,,,,,,,,,,,,,,,,,,,,,,,,,,,,,,,,,,,,,,,,,,,,,,,,,
Pacific island small states,PSS,Agricultural nitrous oxide emissions (thousand metric tons of CO2 equivalent),EN.ATM.NOXE.AG.KT.CE,,,,,,,,,,,,,,,,,,,,,,,,,,,,,,,490,480,490,520,530,560,560,560,550,530,520,530,540,500,540,540,520,560,570,540,540,560,570,580,400,430,420,440,430,450,,
Post-demographic dividend,PST,Agricultural nitrous oxide emissions (thousand metric tons of CO2 equivalent),EN.ATM.NOXE.AG.KT.CE,,,,,,,,,,,,,,,,,,,,,,,,,,,,,,,545280,533930,519270,512820,517930,512200,514350,509710,511420,525240,523220,529110,522750,486510,512280,482150,499510,504710,483480,475590,470190,531940,531500,495630,510720,505980,493400,516090,509740,492240,,
French Polynesia,PYF,Agricultural nitrous oxide emissions (thousand metric tons of CO2 equivalent),EN.ATM.NOXE.AG.KT.CE,,,,,,,,,,,,,,,,,,,,,,,,,,,,,,,,,,,,,,,,,,,,,,,,,,,,,,,,,,,,,,
Qatar,QAT,Agricultural nitrous oxide emissions (thousand metric tons of CO2 equivalent),EN.ATM.NOXE.AG.KT.CE,,,,,,,,,,,,,,,,,,,,,,,,,,,,,,,50,60,60,70,100,100,80,80,80,80,80,60,70,70,70,60,60,70,70,90,90,100,110,120,130,160,180,200,220,230,,
Romania,ROU,Agricultural nitrous oxide emissions (thousand metric tons of CO2 equivalent),EN.ATM.NOXE.AG.KT.CE,,,,,,,,,,,,,,,,,,,,,,,,,,,,,,,12980,9460,8980,8720,7700,7390,7220,7290,6930,6350,6200,6630,6050,6150,6970,7000,6560,6260,6870,6780,6810,6690,6140,6890,6730,7000,7080,7310,7370,7330,,
Russian Federation,RUS,Agricultural nitrous oxide emissions (thousand metric tons of CO2 equivalent),EN.ATM.NOXE.AG.KT.CE,,,,,,,,,,,,,,,,,,,,,,,,,,,,,,,87940,82500,75460,69480,58010,53020,49700,45920,41890,39480,40290,42730,42150,43050,38450,38090,37920,38800,43590,41350,39300,41460,40170,40400,42720,41970,44260,44880,44850,45100,,
Rwanda,RWA,Agricultural nitrous oxide emissions (thousand metric tons of CO2 equivalent),EN.ATM.NOXE.AG.KT.CE,,,,,,,,,,,,,,,,,,,,,,,,,,,,,,,780,810,780,750,710,630,670,700,750,810,830,880,930,1010,1080,1150,1260,1330,1410,1440,1530,1470,1530,1570,1540,1800,1720,1740,1690,1690,,
South Asia,SAS,Agricultural nitrous oxide emissions (thousand metric tons of CO2 equivalent),EN.ATM.NOXE.AG.KT.CE,,,,,,,,,,,,,,,,,,,,,,,,,,,,,,,181040,185910,191600,196020,202950,209330,214230,219640,223690,228750,225080,228620,223890,230620,237450,249210,259780,267380,275380,282670,289740,299140,293870,296770,300420,304890,304440,312210,319160,317470,,
Saudi Arabia,SAU,Agricultural nitrous oxide emissions (thousand metric tons of CO2 equivalent),EN.ATM.NOXE.AG.KT.CE,,,,,,,,,,,,,,,,,,,,,,,,,,,,,,,3390,3560,3680,3480,3190,2800,2900,3120,3230,3210,3380,3470,3530,3630,3770,3540,3540,3650,2960,2700,2850,3090,3080,3530,3350,3530,3620,3460,3530,3680,,
Sudan,SDN,Agricultural nitrous oxide emissions (thousand metric tons of CO2 equivalent),EN.ATM.NOXE.AG.KT.CE,,,,,,,,,,,,,,,,,,,,,,,,,,,,,,,16690,17210,18540,19550,20630,20940,21950,22610,23860,24290,25770,23110,24550,25050,25380,26440,24830,26410,26050,26600,25090,25100,26460,26870,26800,26940,28260,27870,28240,27980,,
Senegal,SEN,Agricultural nitrous oxide emissions (thousand metric tons of CO2 equivalent),EN.ATM.NOXE.AG.KT.CE,,,,,,,,,,,,,,,,,,,,,,,,,,,,,,,3590,3690,3740,3850,3900,3900,4120,4010,3910,4250,4720,4330,3970,3590,4170,4300,4420,4060,4320,4320,4620,4720,4390,4640,4520,4460,4960,5090,4950,5210,,
Singapore,SGP,Agricultural nitrous oxide emissions (thousand metric tons of CO2 equivalent),EN.ATM.NOXE.AG.KT.CE,,,,,,,,,,,,,,,,,,,,,,,,,,,,,,,50,30,30,30,30,30,30,20,30,30,20,20,30,60,80,70,80,70,60,40,20,40,30,30,20,20,20,20,20,20,,
Solomon Islands,SLB,Agricultural nitrous oxide emissions (thousand metric tons of CO2 equivalent),EN.ATM.NOXE.AG.KT.CE,,,,,,,,,,,,,,,,,,,,,,,,,,,,,,,10,10,10,10,10,10,10,10,10,10,10,10,10,10,10,20,20,20,20,20,20,20,20,20,20,20,20,20,20,20,,
Sierra Leone,SLE,Agricultural nitrous oxide emissions (thousand metric tons of CO2 equivalent),EN.ATM.NOXE.AG.KT.CE,,,,,,,,,,,,,,,,,,,,,,,,,,,,,,,890,880,890,910,920,900,480,470,450,430,400,590,640,1020,1130,1070,1610,1530,1070,1180,960,1120,1500,1400,1510,1640,1540,1440,1250,1220,,
El Salvador,SLV,Agricultural nitrous oxide emissions (thousand metric tons of CO2 equivalent),EN.ATM.NOXE.AG.KT.CE,,,,,,,,,,,,,,,,,,,,,,,,,,,,,,,1080,1100,1120,1080,1040,950,1140,1160,1010,1070,990,1060,1020,1020,1100,1230,1180,1280,1360,1270,1280,1240,1210,1080,1010,1040,990,1020,950,950,,
San Marino,SMR,Agricultural nitrous oxide emissions (thousand metric tons of CO2 equivalent),EN.ATM.NOXE.AG.KT.CE,,,,,,,,,,,,,,,,,,,,,,,,,,,,,,,,,,,,,,,,,,,,,,,,,,,,,,,,,,,,,,
Somalia,SOM,Agricultural nitrous oxide emissions (thousand metric tons of CO2 equivalent),EN.ATM.NOXE.AG.KT.CE,,,,,,,,,,,,,,,,,,,,,,,,,,,,,,,6660,5640,4950,5640,6330,6510,6660,6800,6670,6610,6670,6830,6910,6970,7060,7210,6750,6280,6270,6260,6310,6320,6400,6420,6420,6400,6320,6230,6180,6040,,
Serbia,SRB,Agricultural nitrous oxide emissions (thousand metric tons of CO2 equivalent),EN.ATM.NOXE.AG.KT.CE,,,,,,,,,,,,,,,,,,,,,,,,,,,,,,,4290,3880,3040,2960,2980,3500,3570,3840,3550,3320,2940,3350,3220,2920,3940,3610,3380,3750,3290,3930,3160,3290,3830,3850,3150,2920,3260,2940,2480,2940,,
Sub-Saharan Africa (excluding high income),SSA,Agricultural nitrous oxide emissions (thousand metric tons of CO2 equivalent),EN.ATM.NOXE.AG.KT.CE,,,,,,,,,,,,,,,,,,,,,,,,,,,,,,,245970,248450,251440,252130,255680,258440,261060,263020,279260,276820,281020,274370,289460,300960,301820,317970,310680,325410,333750,328960,345170,353060,355660,357470,357980,363820,377350,378960,381080,381220,,
South Sudan,SSD,Agricultural nitrous oxide emissions (thousand metric tons of CO2 equivalent),EN.ATM.NOXE.AG.KT.CE,,,,,,,,,,,,,,,,,,,,,,,,,,,,,,,13550,13970,15050,15870,16750,17000,17820,18360,19370,19720,20920,18760,19930,20330,20600,21470,20150,21440,21150,21590,20370,20380,22050,21450,21740,21980,22630,21470,22880,18750,,
Sub-Saharan Africa,SSF,Agricultural nitrous oxide emissions (thousand metric tons of CO2 equivalent),EN.ATM.NOXE.AG.KT.CE,,,,,,,,,,,,,,,,,,,,,,,,,,,,,,,245980,248460,251450,252140,255690,258450,261070,263030,279270,276830,281030,274380,289470,300970,301820,317970,310680,325410,333750,328960,345170,353060,355660,357470,357980,363820,377350,378960,381080,381220,,
Small states,SST,Agricultural nitrous oxide emissions (thousand metric tons of CO2 equivalent),EN.ATM.NOXE.AG.KT.CE,,,,,,,,,,,,,,,,,,,,,,,,,,,,,,,15180,15040,14770,14420,14480,14870,15440,15020,14800,14880,14960,15840,15630,12400,12970,13350,15280,13980,17600,14310,19920,24700,19170,15030,12960,12780,12480,14390,12820,11550,,
Sao Tome and Principe,STP,Agricultural nitrous oxide emissions (thousand metric tons of CO2 equivalent),EN.ATM.NOXE.AG.KT.CE,,,,,,,,,,,,,,,,,,,,,,,,,,,,,,,0,0,0,0,0,0,0,0,0,0,10,10,10,10,10,10,10,10,10,10,10,10,10,10,10,10,10,10,10,10,,
Suriname,SUR,Agricultural nitrous oxide emissions (thousand metric tons of CO2 equivalent),EN.ATM.NOXE.AG.KT.CE,,,,,,,,,,,,,,,,,,,,,,,,,,,,,,,160,160,170,170,170,170,190,190,190,190,190,190,180,180,230,180,220,190,250,240,230,240,230,200,240,240,240,260,210,250,,
Slovak Republic,SVK,Agricultural nitrous oxide emissions (thousand metric tons of CO2 equivalent),EN.ATM.NOXE.AG.KT.CE,,,,,,,,,,,,,,,,,,,,,,,,,,,,,,,2460,1840,1690,1590,1530,1460,1520,1480,1470,1230,1280,1320,1310,1250,1310,1220,1240,1210,1200,1190,1180,1290,1310,1340,1440,1380,1500,1390,1460,1430,,
Slovenia,SVN,Agricultural nitrous oxide emissions (thousand metric tons of CO2 equivalent),EN.ATM.NOXE.AG.KT.CE,,,,,,,,,,,,,,,,,,,,,,,,,,,,,,,930,840,750,710,730,670,610,660,650,630,640,650,630,640,600,580,580,580,570,570,570,560,550,550,560,560,570,560,560,560,,
Sweden,SWE,Agricultural nitrous oxide emissions (thousand metric tons of CO2 equivalent),EN.ATM.NOXE.AG.KT.CE,,,,,,,,,,,,,,,,,,,,,,,,,,,,,,,4210,3920,4020,4230,4130,3970,4130,4120,4000,3960,3980,3900,3860,3820,3840,3720,3650,3740,3880,3620,3750,3830,3700,3770,3960,4020,3980,4120,3910,4110,,
Eswatini,SWZ,Agricultural nitrous oxide emissions (thousand metric tons of CO2 equivalent),EN.ATM.NOXE.AG.KT.CE,,,,,,,,,,,,,,,,,,,,,,,,,,,,,,,420,440,450,380,390,400,400,400,400,380,370,340,350,380,370,390,350,390,380,360,400,390,390,400,390,370,360,380,380,400,,
Sint Maarten (Dutch part),SXM,Agricultural nitrous oxide emissions (thousand metric tons of CO2 equivalent),EN.ATM.NOXE.AG.KT.CE,,,,,,,,,,,,,,,,,,,,,,,,,,,,,,,,,,,,,,,,,,,,,,,,,,,,,,,,,,,,,,
Seychelles,SYC,Agricultural nitrous oxide emissions (thousand metric tons of CO2 equivalent),EN.ATM.NOXE.AG.KT.CE,,,,,,,,,,,,,,,,,,,,,,,,,,,,,,,10,10,10,10,10,10,10,10,10,10,10,10,10,10,0,0,0,0,0,0,0,0,0,0,0,0,0,0,0,0,,
Syrian Arab Republic,SYR,Agricultural nitrous oxide emissions (thousand metric tons of CO2 equivalent),EN.ATM.NOXE.AG.KT.CE,,,,,,,,,,,,,,,,,,,,,,,,,,,,,,,3350,3220,3280,3150,3400,3680,3710,3750,3880,3860,3750,3410,3760,4090,4200,4670,4970,4950,4500,4170,3350,3790,3630,3030,2910,2750,2620,2250,2130,2710,,
Turks and Caicos Islands,TCA,Agricultural nitrous oxide emissions (thousand metric tons of CO2 equivalent),EN.ATM.NOXE.AG.KT.CE,,,,,,,,,,,,,,,,,,,,,,,,,,,,,,,,,,,,,,,,,,,,,,,,,,,,,,,,,,,,,,
Chad,TCD,Agricultural nitrous oxide emissions (thousand metric tons of CO2 equivalent),EN.ATM.NOXE.AG.KT.CE,,,,,,,,,,,,,,,,,,,,,,,,,,,,,,,5840,7980,8270,8530,8870,9180,10520,10600,10800,11580,12780,10770,11700,12450,12950,13770,14050,14870,15230,15360,16420,17310,18250,18800,19590,21110,22800,23310,24840,25530,,
East Asia & Pacific (IDA & IBRD countries),TEA,Agricultural nitrous oxide emissions (thousand metric tons of CO2 equivalent),EN.ATM.NOXE.AG.KT.CE,,,,,,,,,,,,,,,,,,,,,,,,,,,,,,,369440,376500,384590,375760,392430,434080,460870,428140,436160,449970,440490,437800,456290,460040,474050,478290,484610,492130,498800,512320,515390,516530,524700,526200,529910,535260,537550,539730,532290,536250,,
Europe & Central Asia (IDA & IBRD countries),TEC,Agricultural nitrous oxide emissions (thousand metric tons of CO2 equivalent),EN.ATM.NOXE.AG.KT.CE,,,,,,,,,,,,,,,,,,,,,,,,,,,,,,,247140,229450,207390,194890,177110,166820,157820,156200,147550,142320,141290,143380,148400,145840,144500,145170,147470,147760,154760,153540,152620,157110,157080,161730,164280,165180,172020,175970,173420,177490,,
Togo,TGO,Agricultural nitrous oxide emissions (thousand metric tons of CO2 equivalent),EN.ATM.NOXE.AG.KT.CE,,,,,,,,,,,,,,,,,,,,,,,,,,,,,,,990,940,880,870,850,790,820,940,1120,970,1050,940,1060,1100,960,1400,1170,1020,1130,1200,1210,1490,1300,1460,1350,1570,1540,1530,1510,1570,,
Thailand,THA,Agricultural nitrous oxide emissions (thousand metric tons of CO2 equivalent),EN.ATM.NOXE.AG.KT.CE,,,,,,,,,,,,,,,,,,,,,,,,,,,,,,,12670,13010,13740,14870,14890,14090,14120,13540,13670,14410,13440,13940,14640,16060,15600,15030,15260,17060,16570,18510,19420,18990,19050,18810,17700,16200,17130,18670,17250,17310,,
Tajikistan,TJK,Agricultural nitrous oxide emissions (thousand metric tons of CO2 equivalent),EN.ATM.NOXE.AG.KT.CE,,,,,,,,,,,,,,,,,,,,,,,,,,,,,,,1750,1640,1470,1240,1190,1140,1050,1090,970,860,860,890,940,940,1000,1030,1160,1190,1360,1470,1490,1500,1600,1690,1740,1830,1820,1850,1860,1890,,
Turkmenistan,TKM,Agricultural nitrous oxide emissions (thousand metric tons of CO2 equivalent),EN.ATM.NOXE.AG.KT.CE,,,,,,,,,,,,,,,,,,,,,,,,,,,,,,,1780,1670,1040,1220,1280,1320,1320,1130,1310,1480,1620,1750,2070,2430,2530,2660,2820,2610,2860,2730,2810,2680,2760,2790,2780,2790,2830,2750,2750,2960,,
Latin America & the Caribbean (IDA & IBRD countries),TLA,Agricultural nitrous oxide emissions (thousand metric tons of CO2 equivalent),EN.ATM.NOXE.AG.KT.CE,,,,,,,,,,,,,,,,,,,,,,,,,,,,,,,233730,235410,239170,241950,247130,248730,242930,247770,254180,253740,256220,266810,274460,287310,296570,299910,298010,316210,306850,299300,319740,319450,322060,324930,327040,323620,335790,348030,341440,348400,,
Timor-Leste,TLS,Agricultural nitrous oxide emissions (thousand metric tons of CO2 equivalent),EN.ATM.NOXE.AG.KT.CE,,,,,,,,,,,,,,,,,,,,,,,,,,,,,,,110,120,130,140,170,170,170,180,190,160,170,200,200,190,190,200,200,200,210,210,210,210,220,220,230,260,260,240,230,240,,
Middle East & North Africa (IDA & IBRD countries),TMN,Agricultural nitrous oxide emissions (thousand metric tons of CO2 equivalent),EN.ATM.NOXE.AG.KT.CE,,,,,,,,,,,,,,,,,,,,,,,,,,,,,,,44630,44460,46440,46370,45890,47530,49350,50070,52680,52450,52930,55010,57210,56090,60000,61080,63520,61680,60520,61170,59940,59030,59200,59190,57820,57440,57400,57960,57630,59770,,
Tonga,TON,Agricultural nitrous oxide emissions (thousand metric tons of CO2 equivalent),EN.ATM.NOXE.AG.KT.CE,,,,,,,,,,,,,,,,,,,,,,,,,,,,,,,20,20,20,20,20,20,20,20,20,20,20,20,20,20,20,20,20,20,20,20,20,20,20,20,20,20,20,20,20,20,,
South Asia (IDA & IBRD),TSA,Agricultural nitrous oxide emissions (thousand metric tons of CO2 equivalent),EN.ATM.NOXE.AG.KT.CE,,,,,,,,,,,,,,,,,,,,,,,,,,,,,,,181040,185910,191600,196020,202950,209330,214230,219640,223690,228750,225080,228620,223890,230620,237450,249210,259780,267380,275380,282670,289740,299140,293870,296770,300420,304890,304440,312210,319160,317470,,
Sub-Saharan Africa (IDA & IBRD countries),TSS,Agricultural nitrous oxide emissions (thousand metric tons of CO2 equivalent),EN.ATM.NOXE.AG.KT.CE,,,,,,,,,,,,,,,,,,,,,,,,,,,,,,,245980,248460,251450,252140,255690,258450,261070,263030,279270,276830,281030,274380,289470,300970,301820,317970,310680,325410,333750,328960,345170,353060,355660,357470,357980,363820,377350,378960,381080,381220,,
Trinidad and Tobago,TTO,Agricultural nitrous oxide emissions (thousand metric tons of CO2 equivalent),EN.ATM.NOXE.AG.KT.CE,,,,,,,,,,,,,,,,,,,,,,,,,,,,,,,120,120,130,110,100,110,130,120,120,120,150,130,160,150,170,170,170,170,170,180,180,180,190,200,200,200,200,200,210,210,,
Tunisia,TUN,Agricultural nitrous oxide emissions (thousand metric tons of CO2 equivalent),EN.ATM.NOXE.AG.KT.CE,,,,,,,,,,,,,,,,,,,,,,,,,,,,,,,1660,1870,1850,1910,1690,1630,2010,1830,2020,2110,2130,2110,2040,2140,2230,2310,2280,2390,2270,2430,2360,2420,2470,2220,2350,2340,2470,2370,2380,2480,,
Turkiye,TUR,Agricultural nitrous oxide emissions (thousand metric tons of CO2 equivalent),EN.ATM.NOXE.AG.KT.CE,,,,,,,,,,,,,,,,,,,,,,,,,,,,,,,23040,22040,22860,23790,21250,21130,21630,21750,23070,23070,22620,20310,20500,21060,21250,21600,22050,21290,19770,22200,21300,21060,22990,25360,25090,25680,27980,27410,27160,29130,,
Tuvalu,TUV,Agricultural nitrous oxide emissions (thousand metric tons of CO2 equivalent),EN.ATM.NOXE.AG.KT.CE,,,,,,,,,,,,,,,,,,,,,,,,,,,,,,,0,0,0,0,0,0,0,0,0,0,0,0,0,0,0,0,0,0,0,0,0,0,0,0,0,0,0,0,0,0,,
Tanzania,TZA,Agricultural nitrous oxide emissions (thousand metric tons of CO2 equivalent),EN.ATM.NOXE.AG.KT.CE,,,,,,,,,,,,,,,,,,,,,,,,,,,,,,,13680,13800,13880,13940,13930,15050,14050,13970,15280,15650,14250,14690,16320,18140,17530,18460,16810,18220,18340,18720,19370,19810,20960,21660,21760,22470,22640,21670,22080,22590,,
Uganda,UGA,Agricultural nitrous oxide emissions (thousand metric tons of CO2 equivalent),EN.ATM.NOXE.AG.KT.CE,,,,,,,,,,,,,,,,,,,,,,,,,,,,,,,5190,5340,5420,5540,5450,5550,5680,6010,6470,6080,6120,6200,6360,7060,6910,7630,6590,7660,9820,9690,10340,10100,10780,10680,10800,11160,11820,12050,12150,12110,,
Ukraine,UKR,Agricultural nitrous oxide emissions (thousand metric tons of CO2 equivalent),EN.ATM.NOXE.AG.KT.CE,,,,,,,,,,,,,,,,,,,,,,,,,,,,,,,35010,32840,29850,26210,24530,22270,18810,18250,16090,14930,14450,14840,15290,13990,13840,13390,13550,13830,15860,14490,14950,16620,16120,17870,17820,17140,18460,19220,19670,19370,,
Upper middle income,UMC,Agricultural nitrous oxide emissions (thousand metric tons of CO2 equivalent),EN.ATM.NOXE.AG.KT.CE,,,,,,,,,,,,,,,,,,,,,,,,,,,,,,,673940,669370,661730,648470,650190,682160,695400,663840,671690,680700,670550,684090,712420,715370,731850,739530,744850,763560,769020,764320,792120,800220,800400,800510,803390,800150,815520,827560,804970,816700,,
Uruguay,URY,Agricultural nitrous oxide emissions (thousand metric tons of CO2 equivalent),EN.ATM.NOXE.AG.KT.CE,,,,,,,,,,,,,,,,,,,,,,,,,,,,,,,6520,6770,7010,7140,7060,6940,7190,7020,6820,6650,6450,6590,6580,6980,7250,7290,7710,7570,7680,7680,7650,7550,7990,7950,7900,7500,7750,7650,7460,7500,,
United States,USA,Agricultural nitrous oxide emissions (thousand metric tons of CO2 equivalent),EN.ATM.NOXE.AG.KT.CE,,,,,,,,,,,,,,,,,,,,,,,,,,,,,,,160860,160700,165510,166270,171540,169080,174210,173680,173870,172220,169230,167940,167840,173740,175240,172510,175720,178630,175620,172340,173680,178750,177820,180020,179370,178310,183250,182020,181600,179700,,
Uzbekistan,UZB,Agricultural nitrous oxide emissions (thousand metric tons of CO2 equivalent),EN.ATM.NOXE.AG.KT.CE,,,,,,,,,,,,,,,,,,,,,,,,,,,,,,,8370,7850,6380,5870,5830,5870,5150,7880,7750,7660,7590,7350,7480,7580,7290,7880,8230,8560,9010,9660,10150,10670,10940,11560,12030,12360,13130,13290,13490,13670,,
St. Vincent and the Grenadines,VCT,Agricultural nitrous oxide emissions (thousand metric tons of CO2 equivalent),EN.ATM.NOXE.AG.KT.CE,,,,,,,,,,,,,,,,,,,,,,,,,,,,,,,10,10,10,10,10,10,10,10,10,10,10,10,10,10,10,10,10,10,10,10,10,10,10,10,10,10,10,10,10,10,,
"Venezuela, RB",VEN,Agricultural nitrous oxide emissions (thousand metric tons of CO2 equivalent),EN.ATM.NOXE.AG.KT.CE,,,,,,,,,,,,,,,,,,,,,,,,,,,,,,,9730,9950,9840,9600,9810,9940,9620,9670,9790,9640,10370,10910,10890,11460,11400,11880,11570,12020,12620,12420,11240,10900,12040,12260,12250,12020,12020,11700,11850,12090,,
British Virgin Islands,VGB,Agricultural nitrous oxide emissions (thousand metric tons of CO2 equivalent),EN.ATM.NOXE.AG.KT.CE,,,,,,,,,,,,,,,,,,,,,,,,,,,,,,,,,,,,,,,,,,,,,,,,,,,,,,,,,,,,,,
Virgin Islands (U.S.),VIR,Agricultural nitrous oxide emissions (thousand metric tons of CO2 equivalent),EN.ATM.NOXE.AG.KT.CE,,,,,,,,,,,,,,,,,,,,,,,,,,,,,,,,,,,,,,,,,,,,,,,,,,,,,,,,,,,,,,
Vietnam,VNM,Agricultural nitrous oxide emissions (thousand metric tons of CO2 equivalent),EN.ATM.NOXE.AG.KT.CE,,,,,,,,,,,,,,,,,,,,,,,,,,,,,,,9310,10570,10420,10850,12960,12820,14210,13930,15820,16320,17210,15550,16360,17500,18210,17360,17050,18380,15670,20810,18540,17310,18330,20890,19430,21730,20870,21040,21300,21140,,
Vanuatu,VUT,Agricultural nitrous oxide emissions (thousand metric tons of CO2 equivalent),EN.ATM.NOXE.AG.KT.CE,,,,,,,,,,,,,,,,,,,,,,,,,,,,,,,100,100,110,110,110,110,110,110,110,110,110,100,100,110,110,110,110,140,140,130,130,130,140,140,140,140,140,140,140,140,,
World,WLD,Agricultural nitrous oxide emissions (thousand metric tons of CO2 equivalent),EN.ATM.NOXE.AG.KT.CE,,,,,,,,,,,,,,,,,,,,,,,,,,,,,,,1829460,1819600,1813350,1797890,1818740,1858870,1885770,1859940,1893870,1919150,1910650,1925270,1962510,1958130,2017310,2024730,2053730,2105030,2099680,2101220,2139920,2220760,2230780,2207580,2234090,2243130,2264660,2314510,2299970,2298470,,
Samoa,WSM,Agricultural nitrous oxide emissions (thousand metric tons of CO2 equivalent),EN.ATM.NOXE.AG.KT.CE,,,,,,,,,,,,,,,,,,,,,,,,,,,,,,,30,30,30,30,30,30,30,30,30,30,40,40,40,40,40,40,40,40,40,40,40,50,50,50,50,60,60,60,60,60,,
Kosovo,XKX,Agricultural nitrous oxide emissions (thousand metric tons of CO2 equivalent),EN.ATM.NOXE.AG.KT.CE,,,,,,,,,,,,,,,,,,,,,,,,,,,,,,,,,,,,,,,,,,,,,,,,,,,,,,,,,,,,,,
"Yemen, Rep.",YEM,Agricultural nitrous oxide emissions (thousand metric tons of CO2 equivalent),EN.ATM.NOXE.AG.KT.CE,,,,,,,,,,,,,,,,,,,,,,,,,,,,,,,1980,1850,1900,1920,1910,1930,1990,2150,2240,2270,2340,2470,2450,2650,2760,2720,2830,3070,3080,3120,3250,3230,3270,3400,3420,3230,3250,3200,2980,2960,,
South Africa,ZAF,Agricultural nitrous oxide emissions (thousand metric tons of CO2 equivalent),EN.ATM.NOXE.AG.KT.CE,,,,,,,,,,,,,,,,,,,,,,,,,,,,,,,14660,14650,14240,14550,14250,14010,14930,15060,15310,15190,15320,14730,15800,14670,14420,14650,14350,14810,15150,15400,15180,15160,15480,14860,15120,13990,13240,14810,14440,13680,,
Zambia,ZMB,Agricultural nitrous oxide emissions (thousand metric tons of CO2 equivalent),EN.ATM.NOXE.AG.KT.CE,,,,,,,,,,,,,,,,,,,,,,,,,,,,,,,12370,12440,12540,12520,12280,12150,11370,11370,12210,11430,11040,11250,12450,13580,13620,14050,12730,13150,13220,12350,13500,13300,14330,14600,14290,14630,14480,13850,13510,14010,,
Zimbabwe,ZWE,Agricultural nitrous oxide emissions (thousand metric tons of CO2 equivalent),EN.ATM.NOXE.AG.KT.CE,,,,,,,,,,,,,,,,,,,,,,,,,,,,,,,5430,4850,4880,4260,4440,4340,5370,5210,5480,5640,5180,5320,4670,4650,4890,4760,4630,4820,4860,5260,5590,5700,5220,4900,4300,4790,4360,4550,4660,4700,,
"Yemen, Rep.",YEM,Agricultural nitrous oxide emissions (thousand metric tons of CO2 equivalent),EN.ATM.NOXE.AG.KT.CE,,,,,,,,,,,,,,,,,,,,,,,,,,,,,,,1980,1850,1900,1920,1910,1930,1990,2150,2240,2270,2340,2470,2450,2650,2760,2720,2830,3070,3080,3120,3250,3230,3270,3400,3420,3230,3250,3200,2980,2960,,
South Africa,ZAF,Agricultural nitrous oxide emissions (thousand metric tons of CO2 equivalent),EN.ATM.NOXE.AG.KT.CE,,,,,,,,,,,,,,,,,,,,,,,,,,,,,,,14660,14650,14240,14550,14250,14010,14930,15060,15310,15190,15320,14730,15800,14670,14420,14650,14350,14810,15150,15400,15180,15160,15480,14860,15120,13990,13240,14810,14440,13680,,
Zambia,ZMB,Agricultural nitrous oxide emissions (thousand metric tons of CO2 equivalent),EN.ATM.NOXE.AG.KT.CE,,,,,,,,,,,,,,,,,,,,,,,,,,,,,,,12370,12440,12540,12520,12280,12150,11370,11370,12210,11430,11040,11250,12450,13580,13620,14050,12730,13150,13220,12350,13500,13300,14330,14600,14290,14630,14480,13850,13510,14010,,
Zimbabwe,ZWE,Agricultural nitrous oxide emissions (thousand metric tons of CO2 equivalent),EN.ATM.NOXE.AG.KT.CE,,,,,,,,,,,,,,,,,,,,,,,,,,,,,,,5430,4850,4880,4260,4440,4340,5370,5210,5480,5640,5180,5320,4670,4650,4890,4760,4630,4820,4860,5260,5590,5700,5220,4900,4300,4790,4360,4550,4660,4700,,
